,Adview
0,4.0
1,21.0
2,1.0
3,9.0
4,67985.0
5,1.0
6,1.0
7,4.0
8,122.0
9,2.0
10,4.0
11,1.0
12,1.0
13,1.0
14,4.0
15,1.0
16,1.0
17,1.0
18,1.0
19,2.0
20,1.0
21,1.0
22,4.0
23,2.0
24,5.0
25,1.0
26,4.0
27,3.0
28,5.0
29,2.0
30,3.0
31,1.0
32,15.0
33,1.0
34,2.0
35,35.0
36,1.0
37,1.0
38,3.0
39,1.0
40,4.0
41,1.0
42,1.0
43,6.0
44,2.0
45,1.0
46,1.0
47,1.0
48,2.0
49,1.0
50,3.0
51,8.0
52,1.0
53,119.0
54,4.0
55,1.0
56,2.0
57,1.0
58,1.0
59,2.0
60,1.0
61,1.0
62,274374.0
63,2.0
64,1.0
65,1.0
66,1.0
67,2.0
68,1.0
69,1.0
70,2.0
71,1.0
72,3.0
73,2.0
74,2.0
75,1.0
76,1.0
77,13.0
78,2.0
79,21.0
80,1.0
81,1.0
82,11.0
83,1.0
84,16126.0
85,1.0
86,1.0
87,1.0
88,11.0
89,1.0
90,1.0
91,1.0
92,1.0
93,1.0
94,1.0
95,1.0
96,2.0
97,4.0
98,20.0
99,36.0
100,4.0
101,864.0
102,1.0
103,915.0
104,3.0
105,10997.0
106,87.0
107,9.0
108,1.0
109,1.0
110,19.0
111,1.0
112,2.0
113,59.0
114,1.0
115,3.0
116,1.0
117,2.0
118,1.0
119,1.0
120,6.0
121,1.0
122,2.0
123,3.0
124,1.0
125,8.0
126,8.0
127,5.0
128,3.0
129,1.0
130,3.0
131,2.0
132,2.0
133,2.0
134,2.0
135,1.0
136,1.0
137,1.0
138,4.0
139,4.0
140,1.0
141,5949.0
142,2.0
143,1.0
144,39.0
145,1.0
146,1.0
147,4.0
148,2.0
149,1.0
150,257.0
151,1.0
152,217.0
153,2.0
154,2.0
155,8.0
156,1.0
157,1.0
158,12.0
159,32.0
160,4.0
161,5.0
162,1.0
163,3.0
164,7.0
165,1.0
166,2.0
167,2.0
168,1.0
169,2.0
170,1.0
171,1.0
172,1.0
173,12.0
174,2.0
175,377.0
176,2.0
177,1.0
178,2.0
179,1.0
180,4757.0
181,1.0
182,1.0
183,1.0
184,1.0
185,6.0
186,1.0
187,1.0
188,1.0
189,1.0
190,1.0
191,1.0
192,1.0
193,1015.0
194,132.0
195,8.0
196,11777.0
197,49.0
198,26.0
199,1.0
200,1.0
201,12.0
202,1.0
203,2.0
204,4.0
205,22.0
206,8.0
207,1.0
208,1.0
209,3.0
210,6.0
211,3008.0
212,55.0
213,1.0
214,2.0
215,1.0
216,1.0
217,1.0
218,72.0
219,3.0
220,1.0
221,25.0
222,1.0
223,1.0
224,1.0
225,1.0
226,2.0
227,3.0
228,1.0
229,1.0
230,1.0
231,3.0
232,2.0
233,1.0
234,124.0
235,39.0
236,3666.0
237,12.0
238,1.0
239,21.0
240,3.0
241,2.0
242,1.0
243,2.0
244,1.0
245,2.0
246,1.0
247,6.0
248,1.0
249,1.0
250,1.0
251,11.0
252,1.0
253,8.0
254,4.0
255,1.0
256,55.0
257,2.0
258,1.0
259,1.0
260,1.0
261,1.0
262,2.0
263,1.0
264,2.0
265,1.0
266,2.0
267,1.0
268,915.0
269,13.0
270,2.0
271,1.0
272,287688.0
273,1.0
274,1.0
275,1.0
276,1.0
277,3.0
278,1.0
279,2.0
280,9.0
281,26.0
282,9.0
283,2.0
284,1.0
285,1.0
286,2.0
287,1.0
288,8.0
289,1.0
290,1.0
291,203.0
292,1.0
293,1.0
294,1.0
295,2.0
296,1.0
297,5.0
298,1.0
299,1.0
300,1.0
301,2.0
302,4.0
303,1.0
304,1.0
305,4.0
306,1176.0
307,6.0
308,1.0
309,2.0
310,10.0
311,1.0
312,1.0
313,4.0
314,3.0
315,1.0
316,4.0
317,2.0
318,1.0
319,1.0
320,4.0
321,6.0
322,2.0
323,4.0
324,1.0
325,60.0
326,2.0
327,32.0
328,40.0
329,2.0
330,1.0
331,5.0
332,1.0
333,1.0
334,1.0
335,91.0
336,2.0
337,1.0
338,2.0
339,1.0
340,1.0
341,3.0
342,6.0
343,1.0
344,8.0
345,14.0
346,5.0
347,1.0
348,1.0
349,1.0
350,1.0
351,1.0
352,6090.0
353,7.0
354,1.0
355,2.0
356,16.0
357,1.0
358,3.0
359,1.0
360,1.0
361,1.0
362,1.0
363,11.0
364,100.0
365,2.0
366,2.0
367,2.0
368,3.0
369,2.0
370,1.0
371,493.0
372,1.0
373,3.0
374,1.0
375,64.0
376,22.0
377,1.0
378,1.0
379,1.0
380,1.0
381,374.0
382,1.0
383,2.0
384,4.0
385,4.0
386,22.0
387,2.0
388,1.0
389,3.0
390,5.0
391,30.0
392,2.0
393,1.0
394,30.0
395,1.0
396,1.0
397,7.0
398,7.0
399,367.0
400,2.0
401,9.0
402,2598.0
403,3.0
404,1.0
405,2.0
406,1.0
407,3.0
408,6.0
409,59.0
410,1.0
411,5.0
412,4.0
413,2.0
414,27.0
415,1.0
416,3.0
417,1.0
418,1.0
419,160.0
420,14.0
421,14.0
422,1.0
423,196.0
424,4.0
425,2.0
426,1.0
427,3.0
428,3.0
429,1.0
430,3.0
431,31.0
432,40.0
433,7.0
434,1.0
435,1.0
436,24650.0
437,28.0
438,21767.0
439,1.0
440,6.0
441,48626.0
442,1.0
443,14.0
444,1.0
445,2.0
446,91.0
447,31.0
448,2.0
449,2.0
450,1246.0
451,14.0
452,1.0
453,1.0
454,18.0
455,1.0
456,4.0
457,1.0
458,1.0
459,2.0
460,1.0
461,1.0
462,1.0
463,4.0
464,1.0
465,313.0
466,17267.0
467,1.0
468,27.0
469,1.0
470,1.0
471,78.0
472,7.0
473,2.0
474,5.0
475,1.0
476,3.0
477,1.0
478,280.0
479,3.0
480,1.0
481,1.0
482,1.0
483,1.0
484,1.0
485,5.0
486,1.0
487,11.0
488,2.0
489,3.0
490,2.0
491,1.0
492,1.0
493,48639.0
494,21.0
495,18.0
496,26.0
497,43534.0
498,1.0
499,1.0
500,1.0
501,67.0
502,1.0
503,1.0
504,1.0
505,1.0
506,3.0
507,4.0
508,196173.0
509,5.0
510,1.0
511,1.0
512,1.0
513,1.0
514,1.0
515,1.0
516,1.0
517,12.0
518,4.0
519,2.0
520,2.0
521,1.0
522,2.0
523,1.0
524,19.0
525,3.0
526,1.0
527,3.0
528,1.0
529,11298.0
530,20.0
531,1.0
532,12.0
533,1.0
534,3008.0
535,1.0
536,1.0
537,1.0
538,3.0
539,1.0
540,3.0
541,1.0
542,5.0
543,4.0
544,1.0
545,3.0
546,1.0
547,1.0
548,4.0
549,27.0
550,1.0
551,1.0
552,196.0
553,1.0
554,1.0
555,16.0
556,622.0
557,1.0
558,2.0
559,1329.0
560,1.0
561,1.0
562,1.0
563,1833.0
564,3.0
565,2.0
566,1.0
567,1.0
568,11.0
569,4.0
570,1.0
571,6.0
572,7221.0
573,32187.0
574,7.0
575,1.0
576,1.0
577,208.0
578,17655.0
579,1.0
580,1.0
581,3.0
582,8.0
583,1.0
584,1.0
585,3.0
586,1.0
587,16.0
588,1.0
589,2.0
590,152.0
591,4.0
592,9.0
593,3.0
594,2.0
595,2.0
596,2.0
597,2965.0
598,31.0
599,1.0
600,287688.0
601,2.0
602,1.0
603,2.0
604,41.0
605,36.0
606,2.0
607,1.0
608,1.0
609,16.0
610,3.0
611,2.0
612,1.0
613,9.0
614,5.0
615,1.0
616,10.0
617,1.0
618,1.0
619,2.0
620,18.0
621,3.0
622,2.0
623,1.0
624,2.0
625,1.0
626,10.0
627,1.0
628,1.0
629,1.0
630,17.0
631,1.0
632,1.0
633,2.0
634,4.0
635,4.0
636,1.0
637,1.0
638,10488.0
639,3.0
640,2.0
641,1.0
642,1.0
643,4.0
644,3.0
645,1.0
646,1.0
647,6.0
648,2.0
649,1.0
650,2.0
651,5.0
652,1.0
653,5.0
654,5.0
655,1.0
656,5.0
657,1.0
658,1.0
659,1.0
660,7.0
661,494.0
662,1.0
663,2.0
664,2.0
665,1.0
666,14.0
667,1.0
668,1.0
669,1.0
670,2.0
671,1.0
672,1.0
673,43.0
674,8.0
675,11.0
676,4.0
677,2.0
678,1.0
679,4.0
680,1.0
681,1.0
682,1.0
683,1.0
684,1.0
685,2.0
686,3.0
687,1.0
688,1.0
689,2.0
690,84.0
691,1112.0
692,9.0
693,1.0
694,3.0
695,8.0
696,18.0
697,1.0
698,55.0
699,5.0
700,1.0
701,39.0
702,13.0
703,1.0
704,1.0
705,1.0
706,3.0
707,1.0
708,26.0
709,1.0
710,1.0
711,6.0
712,1.0
713,1.0
714,27826.0
715,1.0
716,1.0
717,12.0
718,5.0
719,5.0
720,10.0
721,1.0
722,12465.0
723,30.0
724,8.0
725,2.0
726,4.0
727,2.0
728,2.0
729,7.0
730,5.0
731,1.0
732,1.0
733,2.0
734,6.0
735,1.0
736,3.0
737,8895.0
738,5.0
739,1.0
740,4.0
741,3.0
742,1.0
743,1.0
744,1.0
745,3.0
746,1.0
747,4.0
748,6.0
749,1.0
750,1.0
751,7.0
752,1.0
753,1.0
754,1.0
755,2.0
756,79.0
757,2.0
758,1.0
759,10003.0
760,1.0
761,33.0
762,1897.0
763,3.0
764,6175.0
765,2.0
766,27.0
767,1.0
768,18.0
769,4.0
770,33.0
771,1.0
772,1147.0
773,3.0
774,9.0
775,6.0
776,178.0
777,1.0
778,30.0
779,1.0
780,40.0
781,162.0
782,8.0
783,2.0
784,1.0
785,2.0
786,7.0
787,2.0
788,4.0
789,3.0
790,1.0
791,2.0
792,1.0
793,5.0
794,1.0
795,2.0
796,1.0
797,1.0
798,44.0
799,1.0
800,10.0
801,12.0
802,1.0
803,8114.0
804,1.0
805,1.0
806,21.0
807,2.0
808,1.0
809,2.0
810,7.0
811,1.0
812,1.0
813,2.0
814,1.0
815,18.0
816,1.0
817,1.0
818,64985.0
819,2.0
820,1.0
821,1.0
822,4.0
823,22.0
824,79.0
825,1.0
826,1.0
827,2.0
828,10.0
829,6.0
830,402.0
831,1.0
832,35.0
833,20.0
834,6.0
835,1.0
836,2.0
837,1.0
838,8.0
839,1.0
840,1.0
841,2.0
842,2.0
843,2.0
844,11.0
845,1.0
846,18782.0
847,4.0
848,1.0
849,10.0
850,50157.0
851,31.0
852,3.0
853,1.0
854,73.0
855,1.0
856,19.0
857,785.0
858,4.0
859,1.0
860,3.0
861,3.0
862,4835.0
863,361.0
864,132.0
865,5.0
866,2.0
867,1.0
868,1.0
869,1.0
870,8.0
871,7.0
872,4.0
873,2.0
874,1.0
875,3.0
876,2.0
877,4.0
878,1.0
879,3.0
880,2.0
881,1.0
882,21.0
883,1.0
884,1.0
885,2.0
886,6.0
887,8.0
888,32.0
889,1.0
890,6175.0
891,1.0
892,9.0
893,2.0
894,7.0
895,11.0
896,372.0
897,2.0
898,1.0
899,13.0
900,3.0
901,14.0
902,3.0
903,1.0
904,1.0
905,38264.0
906,1.0
907,2.0
908,8.0
909,25.0
910,5.0
911,1.0
912,1.0
913,1.0
914,2.0
915,3.0
916,1.0
917,1.0
918,313.0
919,11.0
920,1.0
921,6.0
922,2.0
923,1.0
924,2.0
925,2.0
926,1.0
927,1.0
928,3.0
929,2.0
930,2.0
931,13.0
932,1.0
933,1.0
934,1.0
935,86533.0
936,10.0
937,9936.0
938,8.0
939,1.0
940,1.0
941,15.0
942,2555.0
943,5.0
944,1.0
945,5.0
946,1.0
947,1.0
948,8.0
949,13.0
950,11.0
951,2.0
952,9936.0
953,1.0
954,1.0
955,11.0
956,1.0
957,1.0
958,9.0
959,1.0
960,2.0
961,1.0
962,5.0
963,1.0
964,1.0
965,1.0
966,4.0
967,19.0
968,3.0
969,4.0
970,1.0
971,174.0
972,1.0
973,1.0
974,2.0
975,2.0
976,1.0
977,1.0
978,3.0
979,7.0
980,4.0
981,1.0
982,1.0
983,60.0
984,2.0
985,2.0
986,3.0
987,3.0
988,1.0
989,1.0
990,28656.0
991,2877.0
992,1.0
993,2.0
994,3.0
995,5.0
996,1.0
997,2.0
998,1.0
999,1.0
1000,2.0
1001,1.0
1002,6030.0
1003,7.0
1004,305.0
1005,2.0
1006,1.0
1007,1.0
1008,22.0
1009,1.0
1010,4.0
1011,8.0
1012,1.0
1013,7.0
1014,6.0
1015,1.0
1016,2.0
1017,39.0
1018,1.0
1019,1.0
1020,1.0
1021,6.0
1022,4.0
1023,10.0
1024,1.0
1025,13.0
1026,1.0
1027,1.0
1028,1.0
1029,117.0
1030,16.0
1031,1.0
1032,3.0
1033,70069.0
1034,1.0
1035,1.0
1036,1.0
1037,1.0
1038,1.0
1039,1.0
1040,1.0
1041,44.0
1042,1.0
1043,2722.0
1044,1.0
1045,1.0
1046,3.0
1047,2.0
1048,4.0
1049,2.0
1050,1.0
1051,1.0
1052,1.0
1053,1.0
1054,2.0
1055,1.0
1056,1.0
1057,1.0
1058,1.0
1059,1.0
1060,2.0
1061,2.0
1062,6090.0
1063,3.0
1064,3.0
1065,1.0
1066,1.0
1067,2.0
1068,3.0
1069,1.0
1070,1.0
1071,1.0
1072,7.0
1073,9.0
1074,1.0
1075,1.0
1076,1.0
1077,1.0
1078,5.0
1079,9.0
1080,1.0
1081,3.0
1082,1.0
1083,1.0
1084,33.0
1085,1.0
1086,2.0
1087,1.0
1088,1.0
1089,1.0
1090,21127.0
1091,7.0
1092,2.0
1093,1.0
1094,4.0
1095,3.0
1096,1.0
1097,32.0
1098,1.0
1099,6.0
1100,2.0
1101,2.0
1102,1.0
1103,7.0
1104,10.0
1105,2.0
1106,2.0
1107,1.0
1108,1.0
1109,2.0
1110,1.0
1111,2.0
1112,1.0
1113,2.0
1114,1.0
1115,1.0
1116,11.0
1117,1.0
1118,2.0
1119,1.0
1120,1.0
1121,3.0
1122,155.0
1123,7.0
1124,1.0
1125,61.0
1126,2.0
1127,4.0
1128,1.0
1129,11.0
1130,1.0
1131,7.0
1132,1.0
1133,1.0
1134,3.0
1135,1.0
1136,4.0
1137,1.0
1138,3.0
1139,1648.0
1140,4.0
1141,1.0
1142,1.0
1143,1.0
1144,1.0
1145,1.0
1146,2.0
1147,3.0
1148,1.0
1149,1.0
1150,3.0
1151,1.0
1152,1.0
1153,1.0
1154,4.0
1155,5.0
1156,1.0
1157,3.0
1158,1.0
1159,1.0
1160,1.0
1161,1.0
1162,4.0
1163,1.0
1164,1.0
1165,4.0
1166,1.0
1167,1.0
1168,1.0
1169,6.0
1170,1.0
1171,31.0
1172,1.0
1173,4.0
1174,25.0
1175,1.0
1176,8.0
1177,3.0
1178,218.0
1179,4.0
1180,3.0
1181,620.0
1182,4.0
1183,39.0
1184,14.0
1185,2.0
1186,1.0
1187,3.0
1188,1.0
1189,383.0
1190,5.0
1191,1.0
1192,2.0
1193,3.0
1194,1.0
1195,8.0
1196,2.0
1197,3.0
1198,3.0
1199,1.0
1200,1.0
1201,1.0
1202,3.0
1203,1.0
1204,2.0
1205,1.0
1206,1.0
1207,4.0
1208,2.0
1209,3.0
1210,144.0
1211,21.0
1212,1.0
1213,79.0
1214,11.0
1215,35894.0
1216,1.0
1217,3.0
1218,14.0
1219,3.0
1220,1.0
1221,12.0
1222,1.0
1223,2.0
1224,19.0
1225,31.0
1226,1.0
1227,1.0
1228,1.0
1229,2.0
1230,1.0
1231,1.0
1232,45.0
1233,1.0
1234,1.0
1235,1.0
1236,1.0
1237,1.0
1238,7221.0
1239,1.0
1240,2.0
1241,1.0
1242,6.0
1243,262.0
1244,1.0
1245,7.0
1246,273.0
1247,55.0
1248,3.0
1249,1.0
1250,1.0
1251,36.0
1252,6.0
1253,2.0
1254,1.0
1255,1.0
1256,1.0
1257,6.0
1258,1.0
1259,1.0
1260,6.0
1261,1.0
1262,4.0
1263,1.0
1264,1.0
1265,12.0
1266,2.0
1267,622.0
1268,1.0
1269,1.0
1270,12.0
1271,1.0
1272,4.0
1273,2.0
1274,11.0
1275,3.0
1276,11.0
1277,9.0
1278,26.0
1279,1.0
1280,280.0
1281,2.0
1282,4245.0
1283,1.0
1284,11.0
1285,1.0
1286,1.0
1287,21.0
1288,4.0
1289,1.0
1290,64825.0
1291,3.0
1292,15.0
1293,1.0
1294,160.0
1295,1.0
1296,1.0
1297,3.0
1298,4.0
1299,1.0
1300,1.0
1301,4.0
1302,2.0
1303,231.0
1304,90.0
1305,2.0
1306,1.0
1307,10.0
1308,1.0
1309,8.0
1310,2.0
1311,2.0
1312,6.0
1313,1.0
1314,1.0
1315,2.0
1316,1.0
1317,1.0
1318,119.0
1319,14.0
1320,1.0
1321,4.0
1322,1.0
1323,27.0
1324,1.0
1325,13.0
1326,1.0
1327,3.0
1328,9.0
1329,1.0
1330,7.0
1331,1.0
1332,4.0
1333,31.0
1334,1.0
1335,1.0
1336,1.0
1337,3.0
1338,2.0
1339,1.0
1340,1.0
1341,11.0
1342,1.0
1343,1.0
1344,1.0
1345,1.0
1346,3.0
1347,2.0
1348,11.0
1349,1.0
1350,2.0
1351,14.0
1352,33168.0
1353,124.0
1354,36.0
1355,2.0
1356,1.0
1357,2.0
1358,1.0
1359,1.0
1360,2.0
1361,1.0
1362,1.0
1363,5.0
1364,6.0
1365,1.0
1366,1.0
1367,2.0
1368,19.0
1369,2.0
1370,3218.0
1371,8.0
1372,1.0
1373,134.0
1374,2.0
1375,14.0
1376,1.0
1377,5.0
1378,5.0
1379,8.0
1380,2.0
1381,1.0
1382,1.0
1383,8207.0
1384,1.0
1385,13.0
1386,1.0
1387,5.0
1388,2.0
1389,1.0
1390,2.0
1391,2.0
1392,22.0
1393,2.0
1394,1.0
1395,3687.0
1396,3.0
1397,1.0
1398,5.0
1399,1.0
1400,336.0
1401,1.0
1402,10.0
1403,1.0
1404,2.0
1405,1.0
1406,1.0
1407,3.0
1408,1.0
1409,50157.0
1410,1.0
1411,1.0
1412,2.0
1413,7.0
1414,1.0
1415,4.0
1416,14.0
1417,6.0
1418,31.0
1419,5.0
1420,2.0
1421,5.0
1422,1.0
1423,458.0
1424,1.0
1425,3.0
1426,1.0
1427,2.0
1428,4245.0
1429,1.0
1430,1.0
1431,1.0
1432,2.0
1433,2.0
1434,1.0
1435,4460.0
1436,2.0
1437,1.0
1438,1.0
1439,2.0
1440,1.0
1441,19.0
1442,1.0
1443,1.0
1444,1.0
1445,144.0
1446,1.0
1447,2.0
1448,1.0
1449,1.0
1450,7.0
1451,1147.0
1452,1.0
1453,1.0
1454,2.0
1455,1.0
1456,2.0
1457,1.0
1458,2.0
1459,1.0
1460,1.0
1461,9.0
1462,16.0
1463,273.0
1464,2.0
1465,1.0
1466,38.0
1467,1.0
1468,8.0
1469,1.0
1470,51.0
1471,2.0
1472,1.0
1473,7.0
1474,2.0
1475,1.0
1476,1.0
1477,1583846.0
1478,1.0
1479,6.0
1480,4.0
1481,1.0
1482,11.0
1483,21.0
1484,12.0
1485,4.0
1486,16.0
1487,10.0
1488,1.0
1489,1.0
1490,3.0
1491,18.0
1492,3.0
1493,6.0
1494,1.0
1495,1.0
1496,14.0
1497,7.0
1498,1.0
1499,10.0
1500,1.0
1501,3.0
1502,1.0
1503,1.0
1504,1.0
1505,2.0
1506,14.0
1507,3.0
1508,1.0
1509,6.0
1510,1.0
1511,174.0
1512,7.0
1513,9.0
1514,16.0
1515,65.0
1516,3.0
1517,5.0
1518,1.0
1519,1.0
1520,13.0
1521,2.0
1522,1.0
1523,1.0
1524,14259.0
1525,5.0
1526,2.0
1527,5078.0
1528,1.0
1529,4.0
1530,1.0
1531,742.0
1532,1.0
1533,6.0
1534,2.0
1535,1.0
1536,1.0
1537,1.0
1538,6.0
1539,2.0
1540,1.0
1541,1.0
1542,1.0
1543,1.0
1544,2.0
1545,3210.0
1546,2.0
1547,940.0
1548,1.0
1549,1.0
1550,3.0
1551,14.0
1552,2.0
1553,6.0
1554,8.0
1555,1.0
1556,1.0
1557,5.0
1558,1.0
1559,2.0
1560,3.0
1561,15.0
1562,1.0
1563,2.0
1564,1.0
1565,1.0
1566,1.0
1567,1.0
1568,54.0
1569,1.0
1570,1.0
1571,1.0
1572,2.0
1573,4.0
1574,1.0
1575,1.0
1576,2.0
1577,1.0
1578,1.0
1579,2.0
1580,1.0
1581,4.0
1582,1.0
1583,1.0
1584,1.0
1585,1.0
1586,1.0
1587,1.0
1588,1.0
1589,1.0
1590,1.0
1591,1.0
1592,5.0
1593,1.0
1594,10003.0
1595,771.0
1596,4.0
1597,24.0
1598,36773.0
1599,4.0
1600,1.0
1601,21.0
1602,16.0
1603,6.0
1604,3.0
1605,1.0
1606,1.0
1607,1.0
1608,2.0
1609,1.0
1610,2797.0
1611,21.0
1612,1.0
1613,2.0
1614,6.0
1615,1.0
1616,1.0
1617,2.0
1618,122.0
1619,1.0
1620,1.0
1621,2.0
1622,1.0
1623,1.0
1624,1.0
1625,2.0
1626,1.0
1627,1.0
1628,2.0
1629,2.0
1630,1.0
1631,2.0
1632,2.0
1633,1.0
1634,1.0
1635,6175.0
1636,1.0
1637,1.0
1638,1.0
1639,122.0
1640,5.0
1641,1.0
1642,2.0
1643,2.0
1644,2.0
1645,2.0
1646,26.0
1647,3.0
1648,1.0
1649,1.0
1650,1.0
1651,1.0
1652,1.0
1653,12.0
1654,1.0
1655,26.0
1656,1.0
1657,4.0
1658,22.0
1659,5.0
1660,1.0
1661,142.0
1662,1.0
1663,2.0
1664,1.0
1665,1.0
1666,1.0
1667,1.0
1668,1.0
1669,1.0
1670,1.0
1671,2.0
1672,100.0
1673,176421.0
1674,20.0
1675,2.0
1676,1.0
1677,2.0
1678,1.0
1679,1.0
1680,3008.0
1681,1.0
1682,3.0
1683,3.0
1684,6.0
1685,1.0
1686,3.0
1687,2.0
1688,1.0
1689,1.0
1690,1.0
1691,5.0
1692,1.0
1693,2.0
1694,55.0
1695,2.0
1696,4.0
1697,3.0
1698,4.0
1699,2.0
1700,4.0
1701,1.0
1702,1.0
1703,1.0
1704,1.0
1705,32.0
1706,1.0
1707,31.0
1708,1.0
1709,2578.0
1710,1.0
1711,5.0
1712,150.0
1713,2.0
1714,1.0
1715,1.0
1716,1.0
1717,1.0
1718,5.0
1719,12.0
1720,1.0
1721,1.0
1722,9.0
1723,13.0
1724,1.0
1725,1.0
1726,1.0
1727,1.0
1728,1.0
1729,55.0
1730,1.0
1731,1.0
1732,1.0
1733,1.0
1734,1.0
1735,1.0
1736,1.0
1737,5.0
1738,3.0
1739,10.0
1740,9.0
1741,11.0
1742,1.0
1743,1.0
1744,6.0
1745,1.0
1746,6.0
1747,1.0
1748,3.0
1749,3.0
1750,6.0
1751,1.0
1752,1.0
1753,1.0
1754,1.0
1755,8.0
1756,1.0
1757,7.0
1758,1.0
1759,2.0
1760,3.0
1761,2.0
1762,1.0
1763,2.0
1764,3.0
1765,10.0
1766,1.0
1767,7041.0
1768,17267.0
1769,1.0
1770,1.0
1771,11.0
1772,9.0
1773,10.0
1774,1.0
1775,1.0
1776,2.0
1777,2.0
1778,4.0
1779,3.0
1780,200.0
1781,2.0
1782,3.0
1783,2877.0
1784,54.0
1785,2.0
1786,1.0
1787,1.0
1788,1.0
1789,1.0
1790,2.0
1791,3.0
1792,1.0
1793,2.0
1794,1.0
1795,32.0
1796,1.0
1797,1.0
1798,1.0
1799,1.0
1800,1.0
1801,1329.0
1802,1.0
1803,6.0
1804,1.0
1805,276.0
1806,2.0
1807,2.0
1808,1.0
1809,6894.0
1810,21.0
1811,48.0
1812,2.0
1813,1.0
1814,4.0
1815,10746.0
1816,1.0
1817,5.0
1818,2.0
1819,4.0
1820,40.0
1821,1.0
1822,1.0
1823,6.0
1824,1.0
1825,2.0
1826,2.0
1827,48.0
1828,3.0
1829,3.0
1830,1.0
1831,8.0
1832,2.0
1833,1.0
1834,11.0
1835,1.0
1836,1015.0
1837,1.0
1838,3.0
1839,2.0
1840,1.0
1841,1.0
1842,54363.0
1843,1.0
1844,1.0
1845,55663.0
1846,17267.0
1847,9348.0
1848,1.0
1849,23.0
1850,1.0
1851,3.0
1852,1.0
1853,1.0
1854,1.0
1855,3.0
1856,2.0
1857,1.0
1858,4.0
1859,1.0
1860,4011.0
1861,2.0
1862,24.0
1863,4.0
1864,1.0
1865,2.0
1866,2.0
1867,14.0
1868,1.0
1869,3.0
1870,1.0
1871,5.0
1872,4.0
1873,1.0
1874,2.0
1875,2.0
1876,5.0
1877,10.0
1878,1.0
1879,1.0
1880,2.0
1881,10.0
1882,2.0
1883,1.0
1884,2.0
1885,2.0
1886,1.0
1887,3.0
1888,1.0
1889,3.0
1890,1.0
1891,6.0
1892,1.0
1893,10.0
1894,2.0
1895,1.0
1896,1.0
1897,146.0
1898,1.0
1899,2.0
1900,28.0
1901,1.0
1902,1.0
1903,6.0
1904,1.0
1905,1.0
1906,2.0
1907,4.0
1908,16.0
1909,11.0
1910,1445.0
1911,5.0
1912,1.0
1913,1.0
1914,2.0
1915,3.0
1916,55.0
1917,1.0
1918,308.0
1919,1.0
1920,2.0
1921,3.0
1922,1.0
1923,2.0
1924,2.0
1925,8.0
1926,188474.0
1927,2.0
1928,1.0
1929,1.0
1930,3.0
1931,1.0
1932,1.0
1933,5.0
1934,3.0
1935,1.0
1936,4.0
1937,512.0
1938,1.0
1939,1.0
1940,1.0
1941,13.0
1942,1.0
1943,24.0
1944,13.0
1945,8.0
1946,2.0
1947,1.0
1948,1.0
1949,3.0
1950,3.0
1951,1.0
1952,15.0
1953,20.0
1954,1.0
1955,6.0
1956,2.0
1957,3.0
1958,7.0
1959,1.0
1960,1.0
1961,2.0
1962,2.0
1963,2.0
1964,1.0
1965,14.0
1966,3.0
1967,8.0
1968,1.0
1969,2.0
1970,1.0
1971,2965.0
1972,1.0
1973,2.0
1974,2.0
1975,7.0
1976,2.0
1977,1.0
1978,11.0
1979,1.0
1980,3.0
1981,1.0
1982,1.0
1983,2.0
1984,1.0
1985,1.0
1986,2.0
1987,6.0
1988,5.0
1989,21.0
1990,13.0
1991,1.0
1992,1.0
1993,1.0
1994,2.0
1995,13.0
1996,3.0
1997,2.0
1998,1.0
1999,4.0
2000,1.0
2001,7530.0
2002,1.0
2003,1.0
2004,3111.0
2005,2.0
2006,3.0
2007,1.0
2008,3.0
2009,1.0
2010,1.0
2011,3.0
2012,87.0
2013,1.0
2014,2.0
2015,3.0
2016,1.0
2017,915.0
2018,2.0
2019,2.0
2020,3.0
2021,1.0
2022,54.0
2023,1.0
2024,1.0
2025,6.0
2026,308.0
2027,2.0
2028,3.0
2029,1.0
2030,1.0
2031,3.0
2032,5.0
2033,13.0
2034,3.0
2035,4.0
2036,4.0
2037,3.0
2038,1.0
2039,1.0
2040,1.0
2041,2.0
2042,1.0
2043,1.0
2044,1.0
2045,44.0
2046,1.0
2047,4.0
2048,1.0
2049,1329.0
2050,4.0
2051,5.0
2052,5.0
2053,1.0
2054,1.0
2055,1.0
2056,1.0
2057,3.0
2058,1.0
2059,1.0
2060,1.0
2061,3.0
2062,2.0
2063,1.0
2064,6.0
2065,1.0
2066,18.0
2067,1.0
2068,1.0
2069,3.0
2070,1.0
2071,1.0
2072,1.0
2073,322.0
2074,1.0
2075,8.0
2076,1.0
2077,1.0
2078,2.0
2079,1.0
2080,1.0
2081,1.0
2082,32.0
2083,1.0
2084,1.0
2085,1.0
2086,127.0
2087,5.0
2088,1.0
2089,1.0
2090,1.0
2091,257.0
2092,1.0
2093,5.0
2094,1.0
2095,255.0
2096,78.0
2097,7.0
2098,4.0
2099,1.0
2100,1.0
2101,1.0
2102,1.0
2103,1.0
2104,8.0
2105,1.0
2106,1.0
2107,6.0
2108,6.0
2109,30.0
2110,1.0
2111,1.0
2112,1.0
2113,1.0
2114,12.0
2115,1.0
2116,3.0
2117,12.0
2118,6.0
2119,1.0
2120,1.0
2121,9.0
2122,2.0
2123,1.0
2124,7.0
2125,1.0
2126,1.0
2127,1.0
2128,5.0
2129,1.0
2130,1.0
2131,27.0
2132,1.0
2133,3105.0
2134,1.0
2135,17.0
2136,9.0
2137,9.0
2138,10.0
2139,11.0
2140,1.0
2141,1.0
2142,1.0
2143,5.0
2144,11.0
2145,2.0
2146,2.0
2147,3.0
2148,377.0
2149,1.0
2150,1.0
2151,2.0
2152,1.0
2153,1.0
2154,2.0
2155,1.0
2156,2.0
2157,1.0
2158,4.0
2159,18.0
2160,1.0
2161,1.0
2162,1.0
2163,30.0
2164,1.0
2165,34.0
2166,18.0
2167,1.0
2168,25.0
2169,1.0
2170,2.0
2171,75.0
2172,12.0
2173,8.0
2174,5.0
2175,1.0
2176,56.0
2177,3.0
2178,1.0
2179,8.0
2180,1.0
2181,6.0
2182,64825.0
2183,2.0
2184,67.0
2185,11.0
2186,2.0
2187,526.0
2188,4.0
2189,6.0
2190,1.0
2191,1.0
2192,2.0
2193,226.0
2194,1.0
2195,1.0
2196,3.0
2197,2.0
2198,3.0
2199,1.0
2200,2.0
2201,64825.0
2202,1.0
2203,2.0
2204,1.0
2205,1.0
2206,1.0
2207,2.0
2208,1.0
2209,1.0
2210,1.0
2211,1.0
2212,1.0
2213,6.0
2214,190.0
2215,2.0
2216,1.0
2217,1.0
2218,2.0
2219,2.0
2220,1.0
2221,3.0
2222,1.0
2223,1.0
2224,1.0
2225,2.0
2226,6.0
2227,1.0
2228,1.0
2229,3.0
2230,228.0
2231,1.0
2232,1.0
2233,1.0
2234,1.0
2235,1.0
2236,5.0
2237,1.0
2238,11.0
2239,1.0
2240,36.0
2241,176421.0
2242,1.0
2243,1.0
2244,5.0
2245,1.0
2246,3.0
2247,2.0
2248,1.0
2249,2.0
2250,4.0
2251,3371.0
2252,1.0
2253,1.0
2254,1.0
2255,4.0
2256,17.0
2257,1.0
2258,1.0
2259,1.0
2260,1.0
2261,1.0
2262,3.0
2263,1.0
2264,1.0
2265,9.0
2266,1.0
2267,1.0
2268,18.0
2269,3.0
2270,1.0
2271,1.0
2272,19.0
2273,3.0
2274,39.0
2275,7.0
2276,1.0
2277,15.0
2278,1.0
2279,9.0
2280,2.0
2281,1.0
2282,5.0
2283,3.0
2284,4.0
2285,1.0
2286,1.0
2287,1.0
2288,4.0
2289,1.0
2290,2.0
2291,1.0
2292,4.0
2293,5.0
2294,3.0
2295,12.0
2296,2.0
2297,1.0
2298,16.0
2299,22.0
2300,2.0
2301,47.0
2302,4.0
2303,4.0
2304,1.0
2305,228.0
2306,64825.0
2307,1.0
2308,3.0
2309,1.0
2310,1.0
2311,3.0
2312,2.0
2313,1.0
2314,11.0
2315,2.0
2316,1531.0
2317,7.0
2318,1.0
2319,4370.0
2320,3.0
2321,2.0
2322,1.0
2323,1.0
2324,1.0
2325,2.0
2326,2.0
2327,1.0
2328,57.0
2329,12.0
2330,25.0
2331,1.0
2332,8.0
2333,1.0
2334,1.0
2335,1.0
2336,2.0
2337,364.0
2338,2.0
2339,493.0
2340,2.0
2341,1.0
2342,2.0
2343,2.0
2344,1.0
2345,3.0
2346,1.0
2347,1.0
2348,3.0
2349,1.0
2350,1.0
2351,4.0
2352,111.0
2353,1.0
2354,8.0
2355,4.0
2356,3.0
2357,9.0
2358,2.0
2359,6.0
2360,2.0
2361,1.0
2362,2.0
2363,1.0
2364,11.0
2365,5.0
2366,32.0
2367,1.0
2368,6.0
2369,4.0
2370,6.0
2371,1.0
2372,37.0
2373,1.0
2374,1.0
2375,1.0
2376,1.0
2377,1.0
2378,5933.0
2379,5.0
2380,72.0
2381,2.0
2382,1.0
2383,1.0
2384,25.0
2385,167.0
2386,1.0
2387,2.0
2388,2.0
2389,10.0
2390,7235.0
2391,1.0
2392,13.0
2393,9.0
2394,1.0
2395,11.0
2396,3.0
2397,1.0
2398,4.0
2399,3.0
2400,4.0
2401,1.0
2402,47.0
2403,7.0
2404,1.0
2405,1.0
2406,14.0
2407,2.0
2408,1.0
2409,1.0
2410,32187.0
2411,1.0
2412,1.0
2413,2.0
2414,27.0
2415,7.0
2416,5.0
2417,5.0
2418,7.0
2419,1.0
2420,1.0
2421,7.0
2422,3.0
2423,1.0
2424,3.0
2425,1.0
2426,1.0
2427,2.0
2428,1.0
2429,123.0
2430,27826.0
2431,2.0
2432,2.0
2433,1.0
2434,4.0
2435,161.0
2436,1.0
2437,1.0
2438,6.0
2439,1.0
2440,1.0
2441,6.0
2442,55.0
2443,1.0
2444,142.0
2445,2.0
2446,1.0
2447,6.0
2448,1.0
2449,44.0
2450,17.0
2451,1.0
2452,1.0
2453,6.0
2454,1.0
2455,10832.0
2456,7.0
2457,3.0
2458,1.0
2459,3.0
2460,10.0
2461,2.0
2462,1.0
2463,30.0
2464,1.0
2465,1.0
2466,1.0
2467,21127.0
2468,1.0
2469,2.0
2470,2.0
2471,1.0
2472,383.0
2473,1.0
2474,379.0
2475,1.0
2476,14.0
2477,152.0
2478,4.0
2479,12.0
2480,5.0
2481,2.0
2482,48.0
2483,3.0
2484,2.0
2485,1.0
2486,2.0
2487,1.0
2488,1.0
2489,1.0
2490,2.0
2491,21.0
2492,20.0
2493,1.0
2494,1.0
2495,1.0
2496,1.0
2497,4.0
2498,1.0
2499,49.0
2500,3.0
2501,4.0
2502,13.0
2503,1.0
2504,1.0
2505,4.0
2506,1.0
2507,1.0
2508,2.0
2509,2.0
2510,1.0
2511,23.0
2512,1.0
2513,1.0
2514,1.0
2515,1.0
2516,5.0
2517,5.0
2518,21.0
2519,13021.0
2520,1.0
2521,7.0
2522,3.0
2523,3.0
2524,1.0
2525,4.0
2526,1.0
2527,1.0
2528,3.0
2529,1.0
2530,30.0
2531,6.0
2532,1.0
2533,1.0
2534,1.0
2535,12392.0
2536,2.0
2537,1.0
2538,34.0
2539,8.0
2540,27.0
2541,1.0
2542,1.0
2543,1.0
2544,4.0
2545,1.0
2546,2.0
2547,1.0
2548,2.0
2549,10387.0
2550,6.0
2551,2.0
2552,1.0
2553,1.0
2554,17.0
2555,1.0
2556,1.0
2557,2.0
2558,17.0
2559,146.0
2560,1.0
2561,1.0
2562,6.0
2563,5.0
2564,5.0
2565,2.0
2566,1.0
2567,17.0
2568,3.0
2569,4.0
2570,4.0
2571,1.0
2572,1.0
2573,3.0
2574,3.0
2575,2.0
2576,3.0
2577,38.0
2578,1.0
2579,1.0
2580,2.0
2581,1.0
2582,1.0
2583,2.0
2584,3.0
2585,4.0
2586,6.0
2587,1.0
2588,3.0
2589,1.0
2590,3.0
2591,2.0
2592,1.0
2593,1.0
2594,2.0
2595,18.0
2596,3.0
2597,2.0
2598,5.0
2599,6.0
2600,1.0
2601,4.0
2602,1.0
2603,2.0
2604,1.0
2605,1.0
2606,7.0
2607,1.0
2608,1.0
2609,2.0
2610,10.0
2611,30.0
2612,2.0
2613,34.0
2614,18.0
2615,262.0
2616,7904.0
2617,2118.0
2618,2.0
2619,2.0
2620,2.0
2621,2.0
2622,16.0
2623,14.0
2624,4.0
2625,1.0
2626,1.0
2627,4.0
2628,10.0
2629,1.0
2630,1.0
2631,3.0
2632,1.0
2633,5.0
2634,2.0
2635,9.0
2636,2.0
2637,1.0
2638,1.0
2639,1.0
2640,3.0
2641,14.0
2642,3.0
2643,2.0
2644,1.0
2645,2.0
2646,19171.0
2647,1.0
2648,52.0
2649,2.0
2650,22.0
2651,5.0
2652,1.0
2653,1.0
2654,2.0
2655,32.0
2656,25.0
2657,10.0
2658,10.0
2659,1.0
2660,18.0
2661,5.0
2662,1.0
2663,96.0
2664,1.0
2665,2.0
2666,16.0
2667,6.0
2668,1.0
2669,789.0
2670,13549.0
2671,49.0
2672,2.0
2673,3.0
2674,2.0
2675,3.0
2676,1.0
2677,1.0
2678,3.0
2679,3.0
2680,1.0
2681,2.0
2682,1.0
2683,33.0
2684,3.0
2685,1.0
2686,14.0
2687,1.0
2688,1.0
2689,1.0
2690,49.0
2691,1.0
2692,1.0
2693,1.0
2694,4.0
2695,2.0
2696,5.0
2697,1.0
2698,3.0
2699,1.0
2700,1.0
2701,1.0
2702,1.0
2703,2.0
2704,10.0
2705,2.0
2706,6.0
2707,1.0
2708,1.0
2709,1.0
2710,1.0
2711,27.0
2712,7.0
2713,1.0
2714,1.0
2715,1.0
2716,35894.0
2717,10.0
2718,3.0
2719,273.0
2720,1.0
2721,8.0
2722,5.0
2723,12.0
2724,1.0
2725,4.0
2726,2.0
2727,1.0
2728,14.0
2729,15.0
2730,11.0
2731,3.0
2732,79.0
2733,1.0
2734,2.0
2735,2.0
2736,6.0
2737,1.0
2738,161.0
2739,2.0
2740,1.0
2741,11.0
2742,4.0
2743,10.0
2744,4.0
2745,714.0
2746,1.0
2747,1.0
2748,1.0
2749,34.0
2750,1.0
2751,1.0
2752,4.0
2753,1.0
2754,6.0
2755,1.0
2756,1.0
2757,1.0
2758,1.0
2759,24.0
2760,1.0
2761,1.0
2762,1.0
2763,4.0
2764,1.0
2765,1.0
2766,1.0
2767,1.0
2768,2.0
2769,6.0
2770,1.0
2771,1.0
2772,1.0
2773,1.0
2774,1.0
2775,1.0
2776,5.0
2777,809.0
2778,2.0
2779,36682.0
2780,4.0
2781,1.0
2782,2.0
2783,84.0
2784,1.0
2785,4.0
2786,1.0
2787,3.0
2788,458.0
2789,2.0
2790,1918.0
2791,1.0
2792,1.0
2793,3.0
2794,2.0
2795,1.0
2796,2.0
2797,8859.0
2798,2.0
2799,117.0
2800,2.0
2801,2.0
2802,18.0
2803,7678.0
2804,3.0
2805,1.0
2806,1.0
2807,2.0
2808,2.0
2809,1.0
2810,1.0
2811,1.0
2812,1.0
2813,1.0
2814,1.0
2815,18.0
2816,1.0
2817,1.0
2818,1.0
2819,1.0
2820,1.0
2821,2.0
2822,1.0
2823,1.0
2824,1.0
2825,3.0
2826,6.0
2827,1.0
2828,27.0
2829,3.0
2830,10.0
2831,2.0
2832,1.0
2833,11.0
2834,18.0
2835,10.0
2836,72.0
2837,1.0
2838,1.0
2839,3.0
2840,1.0
2841,196.0
2842,1.0
2843,714.0
2844,1.0
2845,5.0
2846,1.0
2847,2.0
2848,1.0
2849,1.0
2850,175.0
2851,6.0
2852,1.0
2853,1.0
2854,1.0
2855,3.0
2856,1.0
2857,1.0
2858,1.0
2859,1.0
2860,4.0
2861,3.0
2862,3.0
2863,2.0
2864,1.0
2865,3.0
2866,1.0
2867,2707.0
2868,2.0
2869,1.0
2870,322.0
2871,6.0
2872,1.0
2873,3.0
2874,3.0
2875,8.0
2876,2.0
2877,1.0
2878,1.0
2879,1.0
2880,2.0
2881,1.0
2882,3.0
2883,1.0
2884,1.0
2885,1.0
2886,1.0
2887,1.0
2888,82.0
2889,622.0
2890,1.0
2891,1.0
2892,7221.0
2893,18.0
2894,10.0
2895,1.0
2896,1.0
2897,1.0
2898,1.0
2899,1.0
2900,8.0
2901,1.0
2902,2.0
2903,1.0
2904,1.0
2905,1.0
2906,12.0
2907,1.0
2908,4.0
2909,11.0
2910,3.0
2911,2.0
2912,1.0
2913,49.0
2914,3.0
2915,31.0
2916,1.0
2917,3.0
2918,3.0
2919,48639.0
2920,1.0
2921,8.0
2922,4.0
2923,2.0
2924,2.0
2925,1.0
2926,1.0
2927,1.0
2928,1.0
2929,1.0
2930,2.0
2931,2.0
2932,1.0
2933,1.0
2934,1.0
2935,1.0
2936,1.0
2937,2.0
2938,19.0
2939,1.0
2940,1.0
2941,2.0
2942,1.0
2943,1.0
2944,46.0
2945,24.0
2946,1.0
2947,2.0
2948,5.0
2949,1.0
2950,2.0
2951,1.0
2952,1.0
2953,1.0
2954,9.0
2955,1.0
2956,2.0
2957,1.0
2958,1.0
2959,1.0
2960,2.0
2961,2.0
2962,1.0
2963,13.0
2964,15.0
2965,1.0
2966,162.0
2967,2.0
2968,1.0
2969,1.0
2970,3.0
2971,14.0
2972,1.0
2973,4.0
2974,3.0
2975,3.0
2976,3.0
2977,1.0
2978,1.0
2979,1.0
2980,1.0
2981,2.0
2982,1.0
2983,2.0
2984,1.0
2985,12.0
2986,3.0
2987,1.0
2988,10.0
2989,3.0
2990,32.0
2991,1.0
2992,1.0
2993,2.0
2994,1.0
2995,4.0
2996,4.0
2997,2.0
2998,5.0
2999,2.0
3000,1.0
3001,8.0
3002,1.0
3003,3.0
3004,1.0
3005,265.0
3006,1.0
3007,133052.0
3008,1.0
3009,1.0
3010,1.0
3011,1.0
3012,1.0
3013,1.0
3014,14.0
3015,15.0
3016,10.0
3017,1.0
3018,3.0
3019,1.0
3020,8.0
3021,5.0
3022,14.0
3023,1.0
3024,3.0
3025,68.0
3026,1.0
3027,10.0
3028,3.0
3029,1.0
3030,1.0
3031,1.0
3032,37895.0
3033,1.0
3034,377.0
3035,1.0
3036,10.0
3037,1.0
3038,24221.0
3039,1.0
3040,3.0
3041,1.0
3042,2.0
3043,1.0
3044,3.0
3045,3.0
3046,133052.0
3047,1.0
3048,1.0
3049,1.0
3050,35.0
3051,1.0
3052,2.0
3053,1.0
3054,5.0
3055,7.0
3056,2.0
3057,24221.0
3058,2.0
3059,2.0
3060,1.0
3061,2.0
3062,1.0
3063,10.0
3064,1.0
3065,1.0
3066,2.0
3067,1.0
3068,9.0
3069,1.0
3070,2.0
3071,9.0
3072,10.0
3073,1.0
3074,3.0
3075,1.0
3076,1.0
3077,313.0
3078,1.0
3079,1.0
3080,1.0
3081,704516.0
3082,1.0
3083,1.0
3084,3.0
3085,24.0
3086,1.0
3087,4.0
3088,1.0
3089,3.0
3090,21.0
3091,27.0
3092,1.0
3093,1.0
3094,1.0
3095,1.0
3096,4.0
3097,1.0
3098,34.0
3099,4.0
3100,2.0
3101,2.0
3102,134.0
3103,6090.0
3104,180.0
3105,1.0
3106,21.0
3107,3102.0
3108,5.0
3109,103.0
3110,2.0
3111,5.0
3112,21.0
3113,6.0
3114,144.0
3115,18.0
3116,9.0
3117,1.0
3118,493.0
3119,1.0
3120,1.0
3121,1.0
3122,1.0
3123,1754.0
3124,2.0
3125,1.0
3126,25.0
3127,876.0
3128,1.0
3129,43534.0
3130,6.0
3131,5.0
3132,16126.0
3133,1.0
3134,2.0
3135,1.0
3136,1.0
3137,1.0
3138,3.0
3139,1.0
3140,1.0
3141,16.0
3142,14.0
3143,1.0
3144,2.0
3145,10.0
3146,2.0
3147,1.0
3148,1.0
3149,1.0
3150,1.0
3151,1.0
3152,1.0
3153,3.0
3154,6.0
3155,1.0
3156,1.0
3157,1.0
3158,1.0
3159,1.0
3160,97.0
3161,4.0
3162,5.0
3163,1.0
3164,1.0
3165,1.0
3166,15.0
3167,54440.0
3168,15.0
3169,1.0
3170,1.0
3171,1.0
3172,3.0
3173,1.0
3174,12882.0
3175,79.0
3176,1.0
3177,4855.0
3178,9.0
3179,9.0
3180,2.0
3181,1.0
3182,1.0
3183,1.0
3184,2.0
3185,102.0
3186,1.0
3187,1.0
3188,1.0
3189,1.0
3190,27.0
3191,2877.0
3192,107.0
3193,3.0
3194,3.0
3195,1.0
3196,2.0
3197,1.0
3198,2.0
3199,5.0
3200,1.0
3201,9.0
3202,1.0
3203,1.0
3204,2.0
3205,3.0
3206,26.0
3207,1.0
3208,1.0
3209,1.0
3210,34.0
3211,2.0
3212,2.0
3213,1.0
3214,7.0
3215,4.0
3216,1.0
3217,1.0
3218,17183.0
3219,1.0
3220,1.0
3221,11.0
3222,1.0
3223,3.0
3224,5.0
3225,1.0
3226,130.0
3227,1.0
3228,1.0
3229,4.0
3230,74.0
3231,6.0
3232,1.0
3233,6.0
3234,8.0
3235,1.0
3236,2.0
3237,2.0
3238,2.0
3239,4.0
3240,1.0
3241,1.0
3242,1.0
3243,1946.0
3244,2.0
3245,37185.0
3246,10.0
3247,2.0
3248,87.0
3249,1.0
3250,4.0
3251,12567.0
3252,1.0
3253,1.0
3254,1.0
3255,3.0
3256,1.0
3257,1.0
3258,1.0
3259,6.0
3260,1.0
3261,1.0
3262,14.0
3263,1.0
3264,6.0
3265,1.0
3266,4.0
3267,16.0
3268,1.0
3269,1.0
3270,1.0
3271,11.0
3272,10003.0
3273,2.0
3274,3.0
3275,10.0
3276,1.0
3277,1.0
3278,1.0
3279,73.0
3280,1.0
3281,4.0
3282,8.0
3283,51.0
3284,1.0
3285,372.0
3286,2.0
3287,3.0
3288,2.0
3289,2.0
3290,3.0
3291,4.0
3292,5.0
3293,1.0
3294,2.0
3295,1.0
3296,2.0
3297,1.0
3298,4.0
3299,1.0
3300,1.0
3301,2.0
3302,32.0
3303,1.0
3304,2.0
3305,1.0
3306,5.0
3307,2.0
3308,3.0
3309,1.0
3310,1.0
3311,2.0
3312,4005.0
3313,9.0
3314,1.0
3315,1.0
3316,1.0
3317,14.0
3318,1.0
3319,11.0
3320,17.0
3321,1.0
3322,7.0
3323,3.0
3324,14.0
3325,27.0
3326,6.0
3327,1.0
3328,4.0
3329,1.0
3330,1.0
3331,1.0
3332,2.0
3333,7.0
3334,9.0
3335,1.0
3336,1.0
3337,1.0
3338,2118.0
3339,1.0
3340,1.0
3341,1.0
3342,4.0
3343,2.0
3344,3.0
3345,190.0
3346,1.0
3347,32.0
3348,1.0
3349,5.0
3350,1.0
3351,4.0
3352,1.0
3353,2.0
3354,6.0
3355,25.0
3356,39.0
3357,2.0
3358,1.0
3359,8.0
3360,442.0
3361,1.0
3362,8.0
3363,1.0
3364,5.0
3365,6.0
3366,1.0
3367,2.0
3368,1.0
3369,1.0
3370,6.0
3371,1.0
3372,2.0
3373,1.0
3374,2.0
3375,1.0
3376,1.0
3377,3.0
3378,1.0
3379,1.0
3380,1.0
3381,239.0
3382,1.0
3383,3.0
3384,86.0
3385,2.0
3386,6.0
3387,1.0
3388,25.0
3389,1.0
3390,6.0
3391,1.0
3392,1.0
3393,5.0
3394,2.0
3395,3008.0
3396,5.0
3397,103.0
3398,2.0
3399,2.0
3400,36.0
3401,2.0
3402,117.0
3403,1.0
3404,2.0
3405,1.0
3406,2.0
3407,3.0
3408,1.0
3409,1.0
3410,24.0
3411,1.0
3412,4.0
3413,21.0
3414,2.0
3415,6.0
3416,1.0
3417,4.0
3418,3.0
3419,4.0
3420,16.0
3421,2.0
3422,12.0
3423,1.0
3424,4.0
3425,1.0
3426,4.0
3427,1.0
3428,6.0
3429,3.0
3430,735.0
3431,1.0
3432,385.0
3433,1.0
3434,15.0
3435,6.0
3436,7.0
3437,4.0
3438,110.0
3439,1.0
3440,1.0
3441,5.0
3442,5.0
3443,2.0
3444,1.0
3445,1.0
3446,5.0
3447,4.0
3448,1.0
3449,108.0
3450,1.0
3451,64985.0
3452,3.0
3453,1.0
3454,5.0
3455,1.0
3456,87.0
3457,1.0
3458,1.0
3459,1.0
3460,1.0
3461,5.0
3462,2.0
3463,2.0
3464,1.0
3465,1.0
3466,192.0
3467,4.0
3468,1.0
3469,11.0
3470,30.0
3471,11.0
3472,1.0
3473,7.0
3474,1.0
3475,5.0
3476,5.0
3477,2.0
3478,10.0
3479,1.0
3480,1.0
3481,1583846.0
3482,9312.0
3483,1.0
3484,3.0
3485,1.0
3486,2.0
3487,17.0
3488,2.0
3489,1.0
3490,1.0
3491,1.0
3492,1.0
3493,1.0
3494,4.0
3495,1.0
3496,5.0
3497,1.0
3498,1.0
3499,1.0
3500,1.0
3501,1.0
3502,2.0
3503,3.0
3504,1.0
3505,1.0
3506,1.0
3507,1.0
3508,308.0
3509,2.0
3510,1.0
3511,3.0
3512,1.0
3513,1.0
3514,1.0
3515,1.0
3516,1.0
3517,1.0
3518,2.0
3519,1.0
3520,4245.0
3521,2.0
3522,1.0
3523,1.0
3524,2.0
3525,8.0
3526,1.0
3527,1.0
3528,124.0
3529,1.0
3530,1.0
3531,1.0
3532,7.0
3533,1.0
3534,2.0
3535,1.0
3536,1.0
3537,13.0
3538,3.0
3539,1.0
3540,1.0
3541,7678.0
3542,14.0
3543,4.0
3544,1.0
3545,1.0
3546,2.0
3547,3.0
3548,2.0
3549,1.0
3550,1.0
3551,22.0
3552,3.0
3553,11.0
3554,15.0
3555,2.0
3556,28.0
3557,1.0
3558,1.0
3559,1.0
3560,4.0
3561,3105.0
3562,851.0
3563,5.0
3564,1.0
3565,12.0
3566,1.0
3567,2965.0
3568,12.0
3569,1.0
3570,1.0
3571,1.0
3572,1.0
3573,6.0
3574,1.0
3575,2.0
3576,1.0
3577,1.0
3578,64825.0
3579,2.0
3580,1.0
3581,5.0
3582,2.0
3583,1.0
3584,1.0
3585,3.0
3586,16.0
3587,8.0
3588,1.0
3589,14.0
3590,2.0
3591,20.0
3592,1.0
3593,1.0
3594,2.0
3595,1.0
3596,6.0
3597,2.0
3598,1.0
3599,3.0
3600,17.0
3601,13.0
3602,3.0
3603,29.0
3604,2.0
3605,1.0
3606,2.0
3607,8.0
3608,53.0
3609,3.0
3610,1.0
3611,68.0
3612,1.0
3613,2.0
3614,1.0
3615,1.0
3616,2.0
3617,46.0
3618,14863.0
3619,59.0
3620,2.0
3621,1.0
3622,3.0
3623,1.0
3624,1.0
3625,3.0
3626,8.0
3627,2.0
3628,1.0
3629,1.0
3630,23.0
3631,1.0
3632,4.0
3633,1.0
3634,1.0
3635,16.0
3636,1.0
3637,1.0
3638,11.0
3639,5.0
3640,5.0
3641,1.0
3642,1.0
3643,3.0
3644,3.0
3645,809.0
3646,1.0
3647,1.0
3648,1.0
3649,30.0
3650,1.0
3651,2.0
3652,1155.0
3653,24.0
3654,7.0
3655,2.0
3656,1.0
3657,1.0
3658,1.0
3659,6.0
3660,145.0
3661,8.0
3662,2.0
3663,2.0
3664,1.0
3665,1.0
3666,2.0
3667,4.0
3668,1.0
3669,2.0
3670,86533.0
3671,442.0
3672,1897.0
3673,17.0
3674,1.0
3675,2.0
3676,1.0
3677,1.0
3678,27.0
3679,2.0
3680,1.0
3681,3.0
3682,1.0
3683,1.0
3684,4.0
3685,2.0
3686,7.0
3687,4.0
3688,1.0
3689,1.0
3690,1.0
3691,2.0
3692,1.0
3693,8.0
3694,1.0
3695,3.0
3696,1.0
3697,7.0
3698,2.0
3699,11.0
3700,4.0
3701,8.0
3702,15.0
3703,3.0
3704,1.0
3705,4.0
3706,1.0
3707,3.0
3708,1.0
3709,2.0
3710,3.0
3711,1.0
3712,1.0
3713,1.0
3714,3.0
3715,3.0
3716,133052.0
3717,18.0
3718,1.0
3719,13.0
3720,5.0
3721,2.0
3722,1.0
3723,1.0
3724,2.0
3725,17.0
3726,26.0
3727,21.0
3728,2.0
3729,1.0
3730,1.0
3731,1.0
3732,17.0
3733,1.0
3734,21.0
3735,1.0
3736,1.0
3737,2.0
3738,1.0
3739,10.0
3740,1.0
3741,6.0
3742,2.0
3743,2.0
3744,220202.0
3745,1.0
3746,1.0
3747,13.0
3748,1.0
3749,1.0
3750,21.0
3751,1.0
3752,1.0
3753,1.0
3754,1.0
3755,1.0
3756,1.0
3757,2.0
3758,3.0
3759,2.0
3760,1.0
3761,86.0
3762,2.0
3763,11.0
3764,1.0
3765,1.0
3766,3.0
3767,6.0
3768,6.0
3769,1.0
3770,15.0
3771,22.0
3772,1.0
3773,1.0
3774,1.0
3775,1.0
3776,31.0
3777,2.0
3778,1.0
3779,3.0
3780,3.0
3781,1.0
3782,9.0
3783,1.0
3784,1.0
3785,3.0
3786,2.0
3787,16.0
3788,2.0
3789,1.0
3790,1.0
3791,2.0
3792,1.0
3793,2.0
3794,1.0
3795,15.0
3796,1.0
3797,2.0
3798,2.0
3799,1.0
3800,1.0
3801,55.0
3802,175.0
3803,3.0
3804,1.0
3805,10746.0
3806,2.0
3807,35.0
3808,1.0
3809,87.0
3810,1.0
3811,2.0
3812,1.0
3813,1.0
3814,3.0
3815,8.0
3816,5.0
3817,4.0
3818,7221.0
3819,1497349.0
3820,1.0
3821,9.0
3822,103.0
3823,1.0
3824,1.0
3825,3.0
3826,2.0
3827,11.0
3828,2.0
3829,3.0
3830,8.0
3831,3.0
3832,1.0
3833,1.0
3834,228.0
3835,14.0
3836,1.0
3837,1.0
3838,1.0
3839,1.0
3840,1.0
3841,3.0
3842,7.0
3843,72.0
3844,1.0
3845,12.0
3846,19.0
3847,6.0
3848,1.0
3849,2.0
3850,2.0
3851,2.0
3852,4.0
3853,2.0
3854,2.0
3855,22.0
3856,1.0
3857,1.0
3858,5.0
3859,5.0
3860,1.0
3861,940.0
3862,1.0
3863,11777.0
3864,44.0
3865,1.0
3866,1.0
3867,2.0
3868,3.0
3869,2.0
3870,3.0
3871,2.0
3872,3.0
3873,2.0
3874,1.0
3875,1.0
3876,17.0
3877,1.0
3878,2.0
3879,1.0
3880,1.0
3881,2.0
3882,20947.0
3883,1.0
3884,1.0
3885,17.0
3886,4.0
3887,1.0
3888,1.0
3889,3218.0
3890,921.0
3891,5.0
3892,1.0
3893,158.0
3894,39.0
3895,1.0
3896,2.0
3897,876.0
3898,4.0
3899,2.0
3900,4.0
3901,2.0
3902,4.0
3903,196.0
3904,1.0
3905,5.0
3906,2.0
3907,1.0
3908,2.0
3909,1.0
3910,1.0
3911,1.0
3912,9.0
3913,2.0
3914,7.0
3915,1.0
3916,1.0
3917,2.0
3918,1.0
3919,92955.0
3920,1.0
3921,2.0
3922,1.0
3923,2.0
3924,1.0
3925,1.0
3926,2.0
3927,6.0
3928,1.0
3929,1.0
3930,3.0
3931,7.0
3932,1.0
3933,2.0
3934,1.0
3935,1.0
3936,1.0
3937,1.0
3938,5.0
3939,2.0
3940,2.0
3941,1.0
3942,3.0
3943,1.0
3944,48.0
3945,1.0
3946,48.0
3947,2.0
3948,4.0
3949,9.0
3950,2.0
3951,1.0
3952,2.0
3953,2.0
3954,1.0
3955,10.0
3956,5.0
3957,1.0
3958,5.0
3959,4.0
3960,2.0
3961,1.0
3962,9.0
3963,6.0
3964,1.0
3965,6.0
3966,10746.0
3967,1.0
3968,1.0
3969,2.0
3970,2.0
3971,2.0
3972,3.0
3973,2.0
3974,34.0
3975,1.0
3976,4.0
3977,10.0
3978,2.0
3979,1.0
3980,5.0
3981,3.0
3982,1.0
3983,2.0
3984,2.0
3985,1.0
3986,1.0
3987,2.0
3988,2.0
3989,1.0
3990,4.0
3991,3.0
3992,13.0
3993,2.0
3994,3.0
3995,134.0
3996,439.0
3997,6.0
3998,1.0
3999,1.0
4000,4.0
4001,3.0
4002,31.0
4003,2.0
4004,1.0
4005,1.0
4006,4.0
4007,2.0
4008,1.0
4009,1.0
4010,6.0
4011,1.0
4012,2.0
4013,1.0
4014,3.0
4015,724.0
4016,22.0
4017,1.0
4018,1.0
4019,1.0
4020,1.0
4021,22.0
4022,4.0
4023,1.0
4024,2.0
4025,1.0
4026,1.0
4027,1.0
4028,2.0
4029,2.0
4030,9.0
4031,3.0
4032,4.0
4033,771.0
4034,55.0
4035,7.0
4036,1.0
4037,1.0
4038,3.0
4039,2.0
4040,4.0
4041,4.0
4042,1.0
4043,1.0
4044,1.0
4045,2.0
4046,2.0
4047,196.0
4048,2.0
4049,1.0
4050,2.0
4051,1.0
4052,2.0
4053,1.0
4054,1.0
4055,1.0
4056,11.0
4057,3.0
4058,1.0
4059,4.0
4060,1.0
4061,5.0
4062,1.0
4063,1.0
4064,1.0
4065,1.0
4066,919.0
4067,1.0
4068,1.0
4069,55.0
4070,15.0
4071,1.0
4072,3.0
4073,2.0
4074,3.0
4075,1.0
4076,5.0
4077,15.0
4078,1.0
4079,1.0
4080,1.0
4081,9.0
4082,11.0
4083,4.0
4084,8.0
4085,5.0
4086,1.0
4087,2.0
4088,3.0
4089,3.0
4090,3.0
4091,3.0
4092,1.0
4093,1.0
4094,1.0
4095,1.0
4096,7905.0
4097,2.0
4098,1.0
4099,2.0
4100,6.0
4101,1.0
4102,9.0
4103,37185.0
4104,6.0
4105,4.0
4106,4.0
4107,1.0
4108,87.0
4109,1.0
4110,1.0
4111,2.0
4112,1.0
4113,3.0
4114,1181.0
4115,1.0
4116,1.0
4117,1.0
4118,1.0
4119,1.0
4120,1.0
4121,1.0
4122,4.0
4123,1.0
4124,2.0
4125,3.0
4126,103.0
4127,1.0
4128,1.0
4129,55.0
4130,1.0
4131,2.0
4132,2.0
4133,4.0
4134,1.0
4135,4.0
4136,14.0
4137,4.0
4138,9.0
4139,30.0
4140,2.0
4141,2.0
4142,24.0
4143,2.0
4144,2.0
4145,67.0
4146,19.0
4147,3.0
4148,6.0
4149,2.0
4150,4.0
4151,4.0
4152,8.0
4153,8.0
4154,1.0
4155,1.0
4156,1.0
4157,1.0
4158,87.0
4159,6.0
4160,21339.0
4161,1.0
4162,2.0
4163,1.0
4164,4.0
4165,2.0
4166,2.0
4167,2.0
4168,3.0
4169,2.0
4170,3.0
4171,1.0
4172,2.0
4173,1.0
4174,1.0
4175,1.0
4176,4.0
4177,1.0
4178,1.0
4179,1.0
4180,9972.0
4181,11.0
4182,3.0
4183,4.0
4184,1.0
4185,921.0
4186,1.0
4187,194.0
4188,1.0
4189,1.0
4190,2.0
4191,1.0
4192,6.0
4193,8.0
4194,1.0
4195,1.0
4196,1.0
4197,3.0
4198,47.0
4199,5687.0
4200,1.0
4201,1531.0
4202,6.0
4203,1.0
4204,1.0
4205,1.0
4206,170.0
4207,4.0
4208,2.0
4209,1.0
4210,3.0
4211,1.0
4212,4531.0
4213,1.0
4214,1.0
4215,1.0
4216,2.0
4217,18.0
4218,79.0
4219,1.0
4220,3.0
4221,1.0
4222,1.0
4223,1.0
4224,44.0
4225,6894.0
4226,6.0
4227,30.0
4228,1.0
4229,1.0
4230,1.0
4231,15.0
4232,1.0
4233,1.0
4234,2.0
4235,1.0
4236,3.0
4237,1.0
4238,1.0
4239,1.0
4240,1.0
4241,11.0
4242,1.0
4243,7.0
4244,33.0
4245,5.0
4246,1.0
4247,1.0
4248,2.0
4249,22.0
4250,2.0
4251,1.0
4252,22.0
4253,1.0
4254,26.0
4255,1.0
4256,8.0
4257,6.0
4258,1.0
4259,3.0
4260,2.0
4261,22.0
4262,2.0
4263,1.0
4264,1.0
4265,2.0
4266,1.0
4267,1.0
4268,21767.0
4269,1.0
4270,3.0
4271,1.0
4272,1.0
4273,5.0
4274,2.0
4275,3.0
4276,1.0
4277,1.0
4278,1.0
4279,2.0
4280,2.0
4281,1.0
4282,1.0
4283,1.0
4284,1.0
4285,2.0
4286,22.0
4287,4.0
4288,14.0
4289,313.0
4290,16.0
4291,6.0
4292,1.0
4293,2.0
4294,1.0
4295,2.0
4296,7.0
4297,1.0
4298,1.0
4299,1.0
4300,8.0
4301,2.0
4302,3.0
4303,1.0
4304,1.0
4305,1.0
4306,4.0
4307,7.0
4308,1.0
4309,7678.0
4310,18.0
4311,1.0
4312,1.0
4313,4.0
4314,1.0
4315,15.0
4316,7.0
4317,6268.0
4318,1.0
4319,1.0
4320,4.0
4321,1.0
4322,1.0
4323,1.0
4324,1.0
4325,2.0
4326,4.0
4327,430.0
4328,2.0
4329,1.0
4330,5.0
4331,1.0
4332,10.0
4333,4.0
4334,4.0
4335,3.0
4336,1.0
4337,1.0
4338,2.0
4339,2.0
4340,2.0
4341,2.0
4342,2.0
4343,1.0
4344,3.0
4345,2.0
4346,1.0
4347,2.0
4348,14.0
4349,1.0
4350,30.0
4351,1.0
4352,1.0
4353,3.0
4354,1.0
4355,3.0
4356,3.0
4357,2.0
4358,1.0
4359,4.0
4360,32187.0
4361,1.0
4362,1.0
4363,203.0
4364,1.0
4365,1.0
4366,11.0
4367,4.0
4368,6.0
4369,1.0
4370,1.0
4371,32.0
4372,355.0
4373,1.0
4374,4.0
4375,2.0
4376,377.0
4377,4.0
4378,2.0
4379,1.0
4380,1.0
4381,1.0
4382,8.0
4383,1.0
4384,19.0
4385,2154.0
4386,1.0
4387,1.0
4388,3.0
4389,2.0
4390,3.0
4391,2.0
4392,1.0
4393,1.0
4394,1.0
4395,1.0
4396,1.0
4397,1.0
4398,1.0
4399,3.0
4400,36.0
4401,8.0
4402,8.0
4403,48.0
4404,1.0
4405,1.0
4406,1.0
4407,30.0
4408,1.0
4409,2.0
4410,40.0
4411,1.0
4412,6.0
4413,1.0
4414,1.0
4415,1.0
4416,12.0
4417,1.0
4418,6.0
4419,35.0
4420,1.0
4421,4.0
4422,12.0
4423,9.0
4424,8.0
4425,6.0
4426,6.0
4427,3.0
4428,3.0
4429,1.0
4430,2.0
4431,1.0
4432,2.0
4433,1.0
4434,1.0
4435,13.0
4436,18.0
4437,9.0
4438,21767.0
4439,4.0
4440,3.0
4441,5.0
4442,4757.0
4443,1.0
4444,1.0
4445,1.0
4446,14.0
4447,1.0
4448,24.0
4449,20330.0
4450,4.0
4451,2.0
4452,1.0
4453,22.0
4454,2.0
4455,4.0
4456,27.0
4457,3.0
4458,1.0
4459,2.0
4460,1.0
4461,15.0
4462,1.0
4463,1.0
4464,1.0
4465,1.0
4466,8.0
4467,4.0
4468,4.0
4469,14.0
4470,1.0
4471,2.0
4472,1.0
4473,1.0
4474,1.0
4475,1.0
4476,1.0
4477,1.0
4478,7.0
4479,1.0
4480,1.0
4481,1.0
4482,1.0
4483,4.0
4484,4.0
4485,1.0
4486,11.0
4487,1.0
4488,30.0
4489,1.0
4490,1.0
4491,1.0
4492,1.0
4493,5.0
4494,1.0
4495,2.0
4496,1.0
4497,341.0
4498,1.0
4499,1.0
4500,1.0
4501,1.0
4502,1.0
4503,1.0
4504,8.0
4505,13.0
4506,1.0
4507,3.0
4508,1.0
4509,8.0
4510,2.0
4511,9.0
4512,1.0
4513,2.0
4514,9.0
4515,1.0
4516,2.0
4517,12882.0
4518,5.0
4519,1.0
4520,1.0
4521,1.0
4522,3.0
4523,184.0
4524,13.0
4525,58635.0
4526,1.0
4527,1.0
4528,3.0
4529,1.0
4530,1.0
4531,1.0
4532,2.0
4533,1.0
4534,1.0
4535,1.0
4536,1.0
4537,6.0
4538,1.0
4539,12.0
4540,205843.0
4541,3.0
4542,1.0
4543,3.0
4544,1.0
4545,2.0
4546,3.0
4547,1.0
4548,1.0
4549,313.0
4550,4.0
4551,1.0
4552,1.0
4553,2.0
4554,17.0
4555,1.0
4556,3.0
4557,1.0
4558,2.0
4559,1.0
4560,1.0
4561,11.0
4562,3.0
4563,1.0
4564,2.0
4565,1.0
4566,16.0
4567,1.0
4568,2.0
4569,2.0
4570,6.0
4571,4.0
4572,1.0
4573,7.0
4574,4245.0
4575,1.0
4576,33.0
4577,3.0
4578,2.0
4579,2.0
4580,10.0
4581,1.0
4582,11.0
4583,22.0
4584,2.0
4585,1.0
4586,3.0
4587,9.0
4588,9.0
4589,5933.0
4590,2.0
4591,19.0
4592,3.0
4593,2.0
4594,1.0
4595,2.0
4596,1.0
4597,1.0
4598,1.0
4599,1.0
4600,578.0
4601,1.0
4602,35894.0
4603,2.0
4604,1.0
4605,1.0
4606,2.0
4607,1.0
4608,1.0
4609,1.0
4610,4.0
4611,1.0
4612,11.0
4613,1.0
4614,2.0
4615,4.0
4616,2469.0
4617,25.0
4618,1.0
4619,33.0
4620,2.0
4621,2.0
4622,1.0
4623,2.0
4624,2.0
4625,1.0
4626,117.0
4627,2.0
4628,54.0
4629,4.0
4630,10.0
4631,1.0
4632,1.0
4633,1.0
4634,34.0
4635,1.0
4636,2.0
4637,1.0
4638,12.0
4639,1.0
4640,12.0
4641,3.0
4642,9972.0
4643,1.0
4644,11.0
4645,1.0
4646,5.0
4647,415.0
4648,1.0
4649,3.0
4650,1.0
4651,34.0
4652,1.0
4653,38.0
4654,2.0
4655,1.0
4656,1.0
4657,2.0
4658,4.0
4659,1.0
4660,1.0
4661,3.0
4662,1.0
4663,3.0
4664,2.0
4665,9.0
4666,1.0
4667,1.0
4668,1.0
4669,1.0
4670,1.0
4671,11.0
4672,34.0
4673,5.0
4674,6.0
4675,1.0
4676,915.0
4677,8.0
4678,2.0
4679,2.0
4680,2.0
4681,1.0
4682,1.0
4683,7.0
4684,1.0
4685,1.0
4686,1.0
4687,1.0
4688,1.0
4689,1.0
4690,1.0
4691,1.0
4692,3.0
4693,3914.0
4694,1.0
4695,1.0
4696,2.0
4697,2.0
4698,2.0
4699,1.0
4700,1.0
4701,1.0
4702,2.0
4703,3.0
4704,1.0
4705,1.0
4706,1.0
4707,11.0
4708,1.0
4709,7.0
4710,103.0
4711,39.0
4712,1.0
4713,4.0
4714,2.0
4715,1.0
4716,2.0
4717,34.0
4718,1.0
4719,1.0
4720,4.0
4721,1.0
4722,3.0
4723,1.0
4724,4.0
4725,21.0
4726,2.0
4727,2.0
4728,3.0
4729,1.0
4730,5.0
4731,27.0
4732,1.0
4733,1.0
4734,1.0
4735,1.0
4736,160.0
4737,1.0
4738,1.0
4739,1.0
4740,2.0
4741,8.0
4742,1.0
4743,1.0
4744,5.0
4745,1.0
4746,8.0
4747,1.0
4748,1.0
4749,4.0
4750,1.0
4751,4.0
4752,3.0
4753,2.0
4754,1.0
4755,1.0
4756,3.0
4757,4.0
4758,2.0
4759,8.0
4760,1.0
4761,12.0
4762,4.0
4763,1.0
4764,1.0
4765,1.0
4766,103.0
4767,1.0
4768,29.0
4769,2039.0
4770,11.0
4771,3.0
4772,458.0
4773,3.0
4774,1.0
4775,19.0
4776,5.0
4777,1.0
4778,1.0
4779,5.0
4780,1.0
4781,152.0
4782,10.0
4783,1.0
4784,4.0
4785,1.0
4786,50157.0
4787,1.0
4788,1.0
4789,1.0
4790,2.0
4791,7.0
4792,2.0
4793,2.0
4794,6.0
4795,3.0
4796,915.0
4797,6.0
4798,31358.0
4799,1.0
4800,3.0
4801,2.0
4802,3.0
4803,4.0
4804,5.0
4805,1.0
4806,107.0
4807,3.0
4808,2.0
4809,1.0
4810,90.0
4811,1.0
4812,4.0
4813,1.0
4814,1.0
4815,2.0
4816,9.0
4817,1.0
4818,1.0
4819,876.0
4820,102.0
4821,7.0
4822,5.0
4823,2395.0
4824,1.0
4825,1.0
4826,3.0
4827,1.0
4828,1.0
4829,1.0
4830,1.0
4831,1.0
4832,1.0
4833,8.0
4834,4.0
4835,4.0
4836,9.0
4837,1.0
4838,3.0
4839,2.0
4840,1.0
4841,7.0
4842,5.0
4843,69794.0
4844,1.0
4845,1.0
4846,2.0
4847,1.0
4848,4.0
4849,3.0
4850,7.0
4851,2.0
4852,155.0
4853,9.0
4854,1.0
4855,1.0
4856,39.0
4857,1.0
4858,1.0
4859,1.0
4860,2.0
4861,1.0
4862,1.0
4863,21.0
4864,23.0
4865,16299.0
4866,1.0
4867,36.0
4868,34.0
4869,1.0
4870,837.0
4871,2.0
4872,3.0
4873,1.0
4874,11.0
4875,1.0
4876,2.0
4877,2.0
4878,1.0
4879,46.0
4880,1.0
4881,2.0
4882,2.0
4883,2.0
4884,162.0
4885,1.0
4886,1.0
4887,2.0
4888,1.0
4889,1.0
4890,10.0
4891,1.0
4892,1.0
4893,2.0
4894,10.0
4895,1.0
4896,1.0
4897,2.0
4898,2.0
4899,5.0
4900,1.0
4901,10.0
4902,1.0
4903,13.0
4904,162.0
4905,4.0
4906,3.0
4907,1.0
4908,1.0
4909,14.0
4910,1.0
4911,2.0
4912,200.0
4913,4.0
4914,1.0
4915,1.0
4916,3.0
4917,1.0
4918,6.0
4919,1.0
4920,2.0
4921,313.0
4922,12.0
4923,1.0
4924,2.0
4925,1.0
4926,6.0
4927,68.0
4928,1329.0
4929,32187.0
4930,2.0
4931,2.0
4932,3.0
4933,5.0
4934,1.0
4935,161.0
4936,129.0
4937,1.0
4938,2.0
4939,1.0
4940,1.0
4941,4.0
4942,1.0
4943,1.0
4944,1.0
4945,110.0
4946,4.0
4947,3.0
4948,1.0
4949,7.0
4950,12.0
4951,1.0
4952,1.0
4953,1.0
4954,3.0
4955,1.0
4956,1185.0
4957,35894.0
4958,2.0
4959,4.0
4960,1.0
4961,75.0
4962,3.0
4963,1.0
4964,3.0
4965,3.0
4966,1.0
4967,1.0
4968,10.0
4969,2.0
4970,1.0
4971,1.0
4972,3.0
4973,3.0
4974,2.0
4975,6.0
4976,1.0
4977,2.0
4978,1.0
4979,1.0
4980,108.0
4981,1.0
4982,1.0
4983,222.0
4984,1.0
4985,2.0
4986,1.0
4987,1.0
4988,2.0
4989,1.0
4990,21.0
4991,3.0
4992,9.0
4993,21.0
4994,1.0
4995,5.0
4996,1.0
4997,5.0
4998,1.0
4999,1.0
5000,1.0
5001,1.0
5002,1.0
5003,1.0
5004,5.0
5005,2.0
5006,1.0
5007,5.0
5008,1.0
5009,4.0
5010,1.0
5011,6.0
5012,4.0
5013,1.0
5014,1.0
5015,1.0
5016,2.0
5017,1.0
5018,1.0
5019,5.0
5020,39.0
5021,5.0
5022,1.0
5023,1.0
5024,1.0
5025,1.0
5026,4757.0
5027,10.0
5028,2.0
5029,1.0
5030,1.0
5031,1.0
5032,11.0
5033,19.0
5034,3.0
5035,12.0
5036,203.0
5037,4.0
5038,86.0
5039,22.0
5040,1.0
5041,2.0
5042,14.0
5043,12.0
5044,3.0
5045,8.0
5046,2.0
5047,1.0
5048,2.0
5049,1.0
5050,1.0
5051,5.0
5052,17.0
5053,64.0
5054,3.0
5055,43.0
5056,1.0
5057,1.0
5058,2.0
5059,2.0
5060,4.0
5061,1.0
5062,1.0
5063,1.0
5064,255.0
5065,1.0
5066,1.0
5067,4.0
5068,1.0
5069,2.0
5070,109.0
5071,1.0
5072,1.0
5073,1.0
5074,1.0
5075,5.0
5076,1.0
5077,2.0
5078,1.0
5079,4.0
5080,2.0
5081,7.0
5082,1.0
5083,2.0
5084,10.0
5085,30.0
5086,3.0
5087,3.0
5088,4.0
5089,5.0
5090,5.0
5091,1.0
5092,1.0
5093,1.0
5094,3.0
5095,3.0
5096,2.0
5097,2.0
5098,12.0
5099,4.0
5100,1.0
5101,7.0
5102,2.0
5103,1.0
5104,37185.0
5105,124.0
5106,1.0
5107,1.0
5108,2.0
5109,1.0
5110,1.0
5111,2.0
5112,3.0
5113,1.0
5114,1.0
5115,1.0
5116,3.0
5117,1.0
5118,1.0
5119,32.0
5120,5.0
5121,1.0
5122,3.0
5123,4.0
5124,2.0
5125,3.0
5126,4.0
5127,1.0
5128,26.0
5129,2.0
5130,9.0
5131,5.0
5132,3.0
5133,3.0
5134,10.0
5135,1.0
5136,1.0
5137,78.0
5138,1.0
5139,1.0
5140,1462.0
5141,2.0
5142,334.0
5143,2.0
5144,1.0
5145,2469.0
5146,13.0
5147,1.0
5148,3.0
5149,1.0
5150,1.0
5151,2324.0
5152,1.0
5153,67540.0
5154,2.0
5155,1.0
5156,3.0
5157,18.0
5158,1.0
5159,2.0
5160,4.0
5161,5.0
5162,20.0
5163,3.0
5164,4.0
5165,3.0
5166,1.0
5167,3.0
5168,2.0
5169,7041.0
5170,1.0
5171,8.0
5172,1.0
5173,3.0
5174,1.0
5175,4005.0
5176,1.0
5177,2.0
5178,1.0
5179,1.0
5180,1.0
5181,1.0
5182,15.0
5183,3.0
5184,1.0
5185,4.0
5186,1.0
5187,1.0
5188,1.0
5189,4.0
5190,1.0
5191,1.0
5192,12.0
5193,1.0
5194,876.0
5195,27.0
5196,1.0
5197,1.0
5198,3.0
5199,1.0
5200,3.0
5201,3151.0
5202,11.0
5203,1.0
5204,1.0
5205,35.0
5206,6.0
5207,1897.0
5208,1.0
5209,3.0
5210,1.0
5211,40.0
5212,1.0
5213,10.0
5214,56.0
5215,2.0
5216,12.0
5217,4329.0
5218,1.0
5219,1.0
5220,1.0
5221,2.0
5222,1.0
5223,9.0
5224,4.0
5225,1.0
5226,2.0
5227,2.0
5228,1.0
5229,1.0
5230,3.0
5231,3.0
5232,3.0
5233,1176.0
5234,1.0
5235,1.0
5236,3.0
5237,1.0
5238,3.0
5239,2.0
5240,1.0
5241,1.0
5242,3.0
5243,1.0
5244,1.0
5245,1.0
5246,38264.0
5247,1.0
5248,1.0
5249,1.0
5250,2.0
5251,2.0
5252,1.0
5253,1.0
5254,1.0
5255,8.0
5256,38.0
5257,5747.0
5258,4.0
5259,8.0
5260,4.0
5261,8.0
5262,2.0
5263,5.0
5264,1.0
5265,1.0
5266,1.0
5267,305.0
5268,9.0
5269,1.0
5270,1.0
5271,3.0
5272,1.0
5273,1.0
5274,4.0
5275,4.0
5276,3.0
5277,4.0
5278,1.0
5279,3.0
5280,6.0
5281,4.0
5282,2.0
5283,12.0
5284,1.0
5285,2.0
5286,1.0
5287,1.0
5288,1.0
5289,1.0
5290,1.0
5291,1.0
5292,40.0
5293,3.0
5294,1.0
5295,18.0
5296,1.0
5297,5.0
5298,50157.0
5299,2.0
5300,2.0
5301,505.0
5302,2.0
5303,5.0
5304,4.0
5305,1.0
5306,1.0
5307,1.0
5308,1.0
5309,2.0
5310,152.0
5311,1.0
5312,1.0
5313,11.0
5314,1.0
5315,2.0
5316,1.0
5317,4.0
5318,1.0
5319,2.0
5320,3.0
5321,1.0
5322,1.0
5323,50.0
5324,79.0
5325,2.0
5326,26142.0
5327,1.0
5328,4.0
5329,1.0
5330,1.0
5331,165271.0
5332,1.0
5333,1.0
5334,5408.0
5335,1.0
5336,2.0
5337,1.0
5338,1.0
5339,493.0
5340,3.0
5341,12781.0
5342,1.0
5343,1.0
5344,2.0
5345,2.0
5346,38.0
5347,2.0
5348,5.0
5349,1.0
5350,3.0
5351,2.0
5352,2.0
5353,1.0
5354,144.0
5355,4.0
5356,1.0
5357,3.0
5358,17.0
5359,9972.0
5360,1.0
5361,3095.0
5362,3.0
5363,1.0
5364,7.0
5365,40.0
5366,12.0
5367,1.0
5368,1.0
5369,1.0
5370,1.0
5371,1.0
5372,1.0
5373,1.0
5374,5.0
5375,2.0
5376,3.0
5377,54440.0
5378,2.0
5379,32.0
5380,1.0
5381,4.0
5382,1.0
5383,2.0
5384,3.0
5385,5.0
5386,36.0
5387,5.0
5388,1.0
5389,1.0
5390,1.0
5391,1.0
5392,1.0
5393,1.0
5394,1.0
5395,1.0
5396,1.0
5397,1.0
5398,1.0
5399,7.0
5400,5.0
5401,1.0
5402,2.0
5403,607.0
5404,1.0
5405,2.0
5406,31.0
5407,1.0
5408,190.0
5409,3.0
5410,2.0
5411,3.0
5412,1.0
5413,2.0
5414,5.0
5415,3.0
5416,2.0
5417,1.0
5418,3.0
5419,6.0
5420,322.0
5421,3.0
5422,2.0
5423,1.0
5424,1.0
5425,32187.0
5426,14.0
5427,1.0
5428,1.0
5429,44.0
5430,70.0
5431,27826.0
5432,1.0
5433,109.0
5434,3.0
5435,3.0
5436,1.0
5437,1681.0
5438,1.0
5439,4.0
5440,55.0
5441,4.0
5442,4.0
5443,103.0
5444,8.0
5445,1.0
5446,12.0
5447,1.0
5448,4.0
5449,1.0
5450,27.0
5451,2.0
5452,1.0
5453,50.0
5454,22.0
5455,8.0
5456,5.0
5457,1.0
5458,1.0
5459,4.0
5460,5.0
5461,1.0
5462,5.0
5463,1.0
5464,1.0
5465,2.0
5466,9.0
5467,25.0
5468,1185.0
5469,4.0
5470,1.0
5471,1.0
5472,2.0
5473,1.0
5474,65202.0
5475,1.0
5476,2.0
5477,4.0
5478,1.0
5479,1.0
5480,33.0
5481,3.0
5482,4.0
5483,4.0
5484,3.0
5485,6.0
5486,5.0
5487,1.0
5488,1.0
5489,5747.0
5490,17.0
5491,2.0
5492,2.0
5493,1.0
5494,2.0
5495,3.0
5496,1.0
5497,1.0
5498,1.0
5499,146.0
5500,1.0
5501,1.0
5502,2.0
5503,1.0
5504,3.0
5505,1.0
5506,34.0
5507,5.0
5508,1.0
5509,2.0
5510,1.0
5511,1.0
5512,8.0
5513,1.0
5514,3.0
5515,8.0
5516,2.0
5517,1.0
5518,4.0
5519,1.0
5520,3.0
5521,3105.0
5522,1.0
5523,1.0
5524,26.0
5525,1.0
5526,1.0
5527,1.0
5528,2.0
5529,8.0
5530,18.0
5531,13.0
5532,17183.0
5533,1.0
5534,1.0
5535,4.0
5536,21.0
5537,5783.0
5538,2.0
5539,1.0
5540,3.0
5541,1.0
5542,1.0
5543,1.0
5544,3.0
5545,1.0
5546,7.0
5547,1.0
5548,1.0
5549,4.0
5550,1.0
5551,1.0
5552,132.0
5553,1.0
5554,2.0
5555,1.0
5556,5.0
5557,2.0
5558,7.0
5559,1.0
5560,1.0
5561,442.0
5562,5.0
5563,15.0
5564,17655.0
5565,2.0
5566,13.0
5567,31.0
5568,1.0
5569,6.0
5570,1.0
5571,2.0
5572,1.0
5573,3.0
5574,106.0
5575,1.0
5576,109.0
5577,1.0
5578,1.0
5579,7.0
5580,308.0
5581,5.0
5582,1.0
5583,1.0
5584,2.0
5585,1.0
5586,1.0
5587,13.0
5588,1.0
5589,1.0
5590,3.0
5591,2.0
5592,50.0
5593,2.0
5594,6268.0
5595,262.0
5596,4.0
5597,1.0
5598,2.0
5599,1.0
5600,2.0
5601,1.0
5602,2.0
5603,1.0
5604,14.0
5605,10.0
5606,3.0
5607,4.0
5608,1.0
5609,5.0
5610,3.0
5611,4.0
5612,3.0
5613,1.0
5614,1.0
5615,2.0
5616,3.0
5617,1.0
5618,14.0
5619,1.0
5620,8.0
5621,1.0
5622,55.0
5623,5.0
5624,1.0
5625,3.0
5626,4.0
5627,2.0
5628,276.0
5629,11.0
5630,2.0
5631,1754.0
5632,27.0
5633,16.0
5634,1.0
5635,1.0
5636,2.0
5637,5.0
5638,1.0
5639,1.0
5640,1.0
5641,4.0
5642,1.0
5643,2.0
5644,33.0
5645,1.0
5646,1.0
5647,1.0
5648,1.0
5649,3.0
5650,1.0
5651,1.0
5652,48.0
5653,3.0
5654,2.0
5655,1.0
5656,1.0
5657,1.0
5658,6.0
5659,26.0
5660,1.0
5661,38.0
5662,14.0
5663,1.0
5664,4.0
5665,10746.0
5666,1.0
5667,3.0
5668,14.0
5669,2.0
5670,1.0
5671,1.0
5672,1.0
5673,1.0
5674,1.0
5675,1.0
5676,1.0
5677,21767.0
5678,308.0
5679,33.0
5680,1.0
5681,1.0
5682,1.0
5683,7.0
5684,1.0
5685,38.0
5686,114055.0
5687,1.0
5688,1.0
5689,1.0
5690,2.0
5691,1.0
5692,1622.0
5693,2.0
5694,1.0
5695,1.0
5696,1.0
5697,21.0
5698,2.0
5699,1.0
5700,4.0
5701,1.0
5702,1.0
5703,4.0
5704,1.0
5705,1.0
5706,12.0
5707,2.0
5708,1.0
5709,2.0
5710,4.0
5711,1.0
5712,1.0
5713,160.0
5714,1.0
5715,1.0
5716,802.0
5717,1.0
5718,3.0
5719,1.0
5720,16.0
5721,1.0
5722,4.0
5723,1.0
5724,2032.0
5725,13.0
5726,1.0
5727,1.0
5728,3.0
5729,2.0
5730,1.0
5731,722.0
5732,2.0
5733,6.0
5734,32.0
5735,1.0
5736,1.0
5737,1.0
5738,3.0
5739,1.0
5740,2.0
5741,2.0
5742,2.0
5743,2.0
5744,13123.0
5745,876.0
5746,1.0
5747,3106.0
5748,2.0
5749,2.0
5750,1.0
5751,14.0
5752,1.0
5753,6.0
5754,1.0
5755,3.0
5756,276.0
5757,2.0
5758,1.0
5759,2.0
5760,59.0
5761,1.0
5762,8135.0
5763,1.0
5764,1.0
5765,3.0
5766,2.0
5767,5061.0
5768,6.0
5769,1.0
5770,313.0
5771,1.0
5772,1.0
5773,4.0
5774,1.0
5775,2.0
5776,5.0
5777,2.0
5778,1.0
5779,1.0
5780,39.0
5781,1.0
5782,5.0
5783,10.0
5784,2.0
5785,46.0
5786,1531.0
5787,1.0
5788,1.0
5789,26.0
5790,1.0
5791,1.0
5792,4.0
5793,25.0
5794,1.0
5795,1.0
5796,12.0
5797,3.0
5798,14.0
5799,3.0
5800,2.0
5801,1.0
5802,12.0
5803,3.0
5804,1.0
5805,1.0
5806,1.0
5807,1015.0
5808,1.0
5809,1.0
5810,1.0
5811,36682.0
5812,2.0
5813,1.0
5814,38264.0
5815,1.0
5816,130.0
5817,187010.0
5818,1.0
5819,3.0
5820,1.0
5821,54440.0
5822,1.0
5823,1.0
5824,2.0
5825,1.0
5826,4.0
5827,1.0
5828,1.0
5829,3.0
5830,4.0
5831,2.0
5832,2.0
5833,1.0
5834,2.0
5835,2.0
5836,3.0
5837,1.0
5838,11.0
5839,1.0
5840,21.0
5841,2.0
5842,55.0
5843,12.0
5844,1.0
5845,1.0
5846,1.0
5847,4.0
5848,9.0
5849,1.0
5850,12.0
5851,2.0
5852,1.0
5853,1.0
5854,1.0
5855,1.0
5856,1.0
5857,4.0
5858,2.0
5859,12.0
5860,2.0
5861,2.0
5862,4.0
5863,3.0
5864,1.0
5865,1.0
5866,28.0
5867,1.0
5868,2.0
5869,1.0
5870,18.0
5871,1.0
5872,3.0
5873,13.0
5874,2.0
5875,2.0
5876,1.0
5877,1.0
5878,6.0
5879,1.0
5880,1.0
5881,1.0
5882,1.0
5883,4.0
5884,1.0
5885,4.0
5886,1.0
5887,2.0
5888,1.0
5889,1.0
5890,2.0
5891,1.0
5892,2.0
5893,2.0
5894,5.0
5895,2.0
5896,2.0
5897,1.0
5898,15.0
5899,1.0
5900,2.0
5901,3.0
5902,322.0
5903,1.0
5904,1.0
5905,14.0
5906,2.0
5907,60204.0
5908,21.0
5909,10.0
5910,5.0
5911,2.0
5912,1.0
5913,1.0
5914,2.0
5915,27.0
5916,1.0
5917,48626.0
5918,27.0
5919,8.0
5920,44.0
5921,1.0
5922,1.0
5923,3.0
5924,4.0
5925,68.0
5926,1.0
5927,21.0
5928,1.0
5929,1.0
5930,13227.0
5931,12.0
5932,8.0
5933,21.0
5934,2.0
5935,1.0
5936,1.0
5937,22.0
5938,1.0
5939,1.0
5940,1.0
5941,2.0
5942,2.0
5943,1.0
5944,2.0
5945,1.0
5946,94992.0
5947,1.0
5948,1.0
5949,2.0
5950,2.0
5951,1.0
5952,4.0
5953,13.0
5954,1.0
5955,1.0
5956,30.0
5957,32.0
5958,2.0
5959,1.0
5960,12465.0
5961,1.0
5962,1.0
5963,3.0
5964,1.0
5965,1.0
5966,4.0
5967,3.0
5968,1.0
5969,1.0
5970,4.0
5971,3.0
5972,7.0
5973,3.0
5974,1.0
5975,4.0
5976,1.0
5977,1.0
5978,33.0
5979,2.0
5980,1.0
5981,1.0
5982,60733.0
5983,1622.0
5984,2.0
5985,2.0
5986,10.0
5987,21127.0
5988,2.0
5989,3.0
5990,2.0
5991,1.0
5992,2.0
5993,2.0
5994,34.0
5995,43.0
5996,2.0
5997,1.0
5998,2.0
5999,1.0
6000,2.0
6001,152.0
6002,3.0
6003,1.0
6004,1.0
6005,9.0
6006,1.0
6007,1.0
6008,3.0
6009,1.0
6010,11.0
6011,1.0
6012,2.0
6013,3.0
6014,1.0
6015,6.0
6016,3.0
6017,1.0
6018,2.0
6019,3.0
6020,3.0
6021,1.0
6022,1.0
6023,8.0
6024,1.0
6025,1.0
6026,2.0
6027,2.0
6028,1.0
6029,2.0
6030,2.0
6031,1.0
6032,1.0
6033,1.0
6034,2.0
6035,1.0
6036,1.0
6037,32.0
6038,1.0
6039,4.0
6040,1.0
6041,1.0
6042,9.0
6043,1.0
6044,1.0
6045,2.0
6046,2.0
6047,1.0
6048,1.0
6049,360.0
6050,3.0
6051,5.0
6052,1.0
6053,4.0
6054,5.0
6055,3.0
6056,1.0
6057,9.0
6058,1.0
6059,18.0
6060,1.0
6061,21375.0
6062,1.0
6063,1.0
6064,102.0
6065,1.0
6066,1.0
6067,4.0
6068,3.0
6069,3.0
6070,1.0
6071,1.0
6072,2.0
6073,1.0
6074,1.0
6075,1.0
6076,1.0
6077,2.0
6078,1.0
6079,1.0
6080,1.0
6081,1.0
6082,3.0
6083,1.0
6084,1.0
6085,22.0
6086,1.0
6087,3.0
6088,2.0
6089,1.0
6090,8.0
6091,1.0
6092,1.0
6093,1.0
6094,1.0
6095,1.0
6096,2.0
6097,2.0
6098,1.0
6099,1.0
6100,3.0
6101,43.0
6102,10.0
6103,2.0
6104,1.0
6105,3.0
6106,1.0
6107,32.0
6108,1.0
6109,770.0
6110,3.0
6111,1.0
6112,48626.0
6113,4.0
6114,1.0
6115,1.0
6116,4.0
6117,3095.0
6118,2.0
6119,1.0
6120,1.0
6121,1.0
6122,10.0
6123,93.0
6124,2.0
6125,1.0
6126,10.0
6127,5.0
6128,1.0
6129,2.0
6130,7.0
6131,7.0
6132,5.0
6133,320.0
6134,1.0
6135,152.0
6136,1.0
6137,1.0
6138,1.0
6139,1.0
6140,1.0
6141,1.0
6142,194.0
6143,1.0
6144,1.0
6145,8.0
6146,3129.0
6147,15.0
6148,2.0
6149,1.0
6150,7.0
6151,1.0
6152,27826.0
6153,2.0
6154,2.0
6155,5.0
6156,8.0
6157,1.0
6158,5.0
6159,3.0
6160,1.0
6161,1.0
6162,802.0
6163,633.0
6164,3.0
6165,1.0
6166,9.0
6167,3.0
6168,1.0
6169,1.0
6170,2.0
6171,1.0
6172,1.0
6173,133052.0
6174,1164.0
6175,1.0
6176,5.0
6177,2.0
6178,3.0
6179,4.0
6180,1.0
6181,1.0
6182,1462.0
6183,1.0
6184,3.0
6185,21.0
6186,1.0
6187,130501.0
6188,2.0
6189,7.0
6190,11.0
6191,2.0
6192,367.0
6193,4.0
6194,13.0
6195,1.0
6196,1.0
6197,1.0
6198,1.0
6199,8.0
6200,1.0
6201,2.0
6202,3.0
6203,74.0
6204,1.0
6205,4.0
6206,10.0
6207,196.0
6208,3.0
6209,4.0
6210,1.0
6211,1.0
6212,2.0
6213,3.0
6214,1.0
6215,2.0
6216,4.0
6217,21375.0
6218,1.0
6219,64.0
6220,10.0
6221,1.0
6222,4.0
6223,1.0
6224,2.0
6225,39732.0
6226,3.0
6227,5.0
6228,2.0
6229,2.0
6230,2.0
6231,2.0
6232,6.0
6233,1.0
6234,1.0
6235,1.0
6236,24.0
6237,35.0
6238,2.0
6239,1.0
6240,11.0
6241,1.0
6242,2.0
6243,1.0
6244,364.0
6245,1.0
6246,5.0
6247,7.0
6248,1.0
6249,10.0
6250,1.0
6251,1.0
6252,1.0
6253,4.0
6254,1.0
6255,54.0
6256,23280.0
6257,2.0
6258,8.0
6259,785.0
6260,17.0
6261,4.0
6262,1.0
6263,1.0
6264,1.0
6265,34.0
6266,1.0
6267,7.0
6268,2.0
6269,8.0
6270,1.0
6271,5.0
6272,9503.0
6273,4.0
6274,1.0
6275,1.0
6276,1.0
6277,1.0
6278,1.0
6279,2.0
6280,2.0
6281,1.0
6282,1.0
6283,2.0
6284,1.0
6285,2.0
6286,188474.0
6287,2.0
6288,1.0
6289,38.0
6290,1.0
6291,1.0
6292,3.0
6293,8.0
6294,7.0
6295,1.0
6296,4.0
6297,2.0
6298,1.0
6299,2.0
6300,34.0
6301,2.0
6302,1.0
6303,7.0
6304,1.0
6305,1.0
6306,35.0
6307,4.0
6308,396.0
6309,1.0
6310,1.0
6311,4.0
6312,3.0
6313,2.0
6314,6.0
6315,1.0
6316,1.0
6317,4.0
6318,2.0
6319,1.0
6320,3.0
6321,1.0
6322,17.0
6323,1.0
6324,54363.0
6325,45.0
6326,1.0
6327,1.0
6328,1.0
6329,3.0
6330,1.0
6331,1.0
6332,6.0
6333,25.0
6334,74.0
6335,1.0
6336,2.0
6337,12.0
6338,3.0
6339,2.0
6340,2.0
6341,1.0
6342,1.0
6343,1.0
6344,2.0
6345,1.0
6346,24.0
6347,3.0
6348,1.0
6349,1.0
6350,3.0
6351,1.0
6352,15.0
6353,1.0
6354,1.0
6355,1.0
6356,98.0
6357,8.0
6358,1.0
6359,2.0
6360,1.0
6361,21.0
6362,1.0
6363,2.0
6364,4.0
6365,100.0
6366,1.0
6367,38.0
6368,4.0
6369,1.0
6370,2.0
6371,9950.0
6372,1.0
6373,175.0
6374,1.0
6375,2.0
6376,13.0
6377,3.0
6378,1.0
6379,3.0
6380,1.0
6381,1.0
6382,1.0
6383,4.0
6384,10.0
6385,1.0
6386,2.0
6387,1.0
6388,9.0
6389,2.0
6390,1.0
6391,8.0
6392,1.0
6393,3.0
6394,1.0
6395,1.0
6396,8895.0
6397,1.0
6398,1.0
6399,1.0
6400,1.0
6401,1.0
6402,2.0
6403,3.0
6404,1.0
6405,1.0
6406,1.0
6407,1.0
6408,262.0
6409,2.0
6410,11.0
6411,7.0
6412,34.0
6413,2.0
6414,14.0
6415,2.0
6416,20.0
6417,1.0
6418,2.0
6419,3.0
6420,1.0
6421,1525.0
6422,1.0
6423,1.0
6424,2.0
6425,14.0
6426,1.0
6427,192.0
6428,5.0
6429,4.0
6430,11.0
6431,1.0
6432,6.0
6433,2.0
6434,4.0
6435,2.0
6436,1.0
6437,1.0
6438,1.0
6439,2.0
6440,2.0
6441,1.0
6442,2.0
6443,1185.0
6444,6.0
6445,6.0
6446,192.0
6447,2.0
6448,1.0
6449,4.0
6450,1.0
6451,11.0
6452,4.0
6453,2.0
6454,1897.0
6455,1.0
6456,3.0
6457,2.0
6458,1.0
6459,1.0
6460,24.0
6461,2.0
6462,1.0
6463,3.0
6464,2.0
6465,18.0
6466,1.0
6467,1.0
6468,3.0
6469,13.0
6470,2.0
6471,3.0
6472,1.0
6473,1.0
6474,4.0
6475,18.0
6476,9.0
6477,9.0
6478,14.0
6479,4.0
6480,1.0
6481,2.0
6482,2.0
6483,1.0
6484,1.0
6485,1.0
6486,3.0
6487,1.0
6488,1.0
6489,2.0
6490,1.0
6491,1.0
6492,2.0
6493,1.0
6494,1.0
6495,1.0
6496,2.0
6497,18.0
6498,1.0
6499,6.0
6500,22.0
6501,2.0
6502,1.0
6503,1.0
6504,13.0
6505,3.0
6506,1.0
6507,9.0
6508,1.0
6509,2210.0
6510,5.0
6511,1200.0
6512,3.0
6513,1.0
6514,1.0
6515,1.0
6516,1.0
6517,1.0
6518,2.0
6519,12.0
6520,13549.0
6521,24.0
6522,2.0
6523,322.0
6524,1.0
6525,74.0
6526,1.0
6527,10.0
6528,13.0
6529,11.0
6530,1.0
6531,2.0
6532,8.0
6533,9157.0
6534,3.0
6535,1.0
6536,2.0
6537,1.0
6538,3.0
6539,2.0
6540,1.0
6541,1.0
6542,4.0
6543,1.0
6544,961.0
6545,2.0
6546,2.0
6547,1.0
6548,2.0
6549,3.0
6550,3.0
6551,1.0
6552,57.0
6553,8.0
6554,458.0
6555,1.0
6556,1.0
6557,1.0
6558,1.0
6559,4.0
6560,5.0
6561,1.0
6562,7.0
6563,1.0
6564,6.0
6565,79.0
6566,2.0
6567,1.0
6568,1.0
6569,27.0
6570,1.0
6571,913.0
6572,1.0
6573,1.0
6574,1.0
6575,9.0
6576,2.0
6577,1.0
6578,60204.0
6579,228.0
6580,2.0
6581,6.0
6582,1.0
6583,4.0
6584,1.0
6585,1.0
6586,4.0
6587,9.0
6588,1.0
6589,1.0
6590,18.0
6591,60204.0
6592,4.0
6593,1.0
6594,1.0
6595,1.0
6596,4.0
6597,1.0
6598,1.0
6599,1.0
6600,9.0
6601,3.0
6602,1.0
6603,2.0
6604,1.0
6605,1.0
6606,4.0
6607,7.0
6608,1.0
6609,2.0
6610,6.0
6611,158.0
6612,1.0
6613,4651.0
6614,3218.0
6615,1.0
6616,1.0
6617,4.0
6618,1.0
6619,1.0
6620,87.0
6621,1.0
6622,9.0
6623,1.0
6624,27.0
6625,7.0
6626,1.0
6627,45707.0
6628,5762.0
6629,1.0
6630,4.0
6631,25.0
6632,1.0
6633,1.0
6634,1.0
6635,4.0
6636,1.0
6637,5.0
6638,1.0
6639,27.0
6640,1.0
6641,2.0
6642,1.0
6643,1.0
6644,1.0
6645,1.0
6646,1.0
6647,44.0
6648,1.0
6649,1.0
6650,1.0
6651,1.0
6652,1.0
6653,1.0
6654,1.0
6655,1.0
6656,1.0
6657,7.0
6658,1.0
6659,3.0
6660,1.0
6661,1.0
6662,1.0
6663,1.0
6664,3.0
6665,1.0
6666,1.0
6667,6.0
6668,5.0
6669,2.0
6670,1.0
6671,1.0
6672,1.0
6673,2.0
6674,1.0
6675,1.0
6676,2.0
6677,17.0
6678,1.0
6679,16.0
6680,1.0
6681,876.0
6682,9.0
6683,1.0
6684,1.0
6685,1.0
6686,2.0
6687,11.0
6688,1.0
6689,1.0
6690,196.0
6691,6.0
6692,1.0
6693,1.0
6694,17655.0
6695,1.0
6696,1.0
6697,3.0
6698,3.0
6699,5.0
6700,1.0
6701,1.0
6702,4.0
6703,3.0
6704,16.0
6705,1.0
6706,1.0
6707,1.0
6708,3.0
6709,1.0
6710,87.0
6711,4.0
6712,34.0
6713,1.0
6714,6.0
6715,207712.0
6716,3.0
6717,1.0
6718,1.0
6719,2.0
6720,1.0
6721,2.0
6722,1.0
6723,1.0
6724,2.0
6725,17.0
6726,5.0
6727,4.0
6728,11.0
6729,1.0
6730,9.0
6731,3.0
6732,1.0
6733,1.0
6734,1.0
6735,1.0
6736,1.0
6737,1.0
6738,1.0
6739,4.0
6740,2.0
6741,8.0
6742,1.0
6743,7.0
6744,5.0
6745,5.0
6746,2.0
6747,1.0
6748,7.0
6749,7.0
6750,4.0
6751,1.0
6752,1.0
6753,1.0
6754,1.0
6755,2.0
6756,2.0
6757,1.0
6758,1.0
6759,2.0
6760,1.0
6761,1.0
6762,1.0
6763,10488.0
6764,1.0
6765,10.0
6766,1.0
6767,55.0
6768,1.0
6769,1.0
6770,1.0
6771,1.0
6772,2.0
6773,1.0
6774,2.0
6775,5478.0
6776,2.0
6777,3.0
6778,1246.0
6779,10.0
6780,2.0
6781,25414.0
6782,1.0
6783,4.0
6784,1.0
6785,785.0
6786,1.0
6787,3.0
6788,5.0
6789,1.0
6790,1.0
6791,1.0
6792,2720.0
6793,1.0
6794,1.0
6795,2.0
6796,1.0
6797,1.0
6798,11.0
6799,1.0
6800,9972.0
6801,8895.0
6802,2.0
6803,1.0
6804,3.0
6805,14.0
6806,2.0
6807,2.0
6808,5.0
6809,4.0
6810,3.0
6811,3.0
6812,1.0
6813,1.0
6814,1.0
6815,1.0
6816,1.0
6817,1.0
6818,1.0
6819,4245.0
6820,1.0
6821,10.0
6822,1.0
6823,10746.0
6824,1.0
6825,1.0
6826,17.0
6827,1.0
6828,55.0
6829,10.0
6830,10.0
6831,13.0
6832,11.0
6833,2.0
6834,1.0
6835,1.0
6836,4.0
6837,2.0
6838,49.0
6839,2.0
6840,9.0
6841,34.0
6842,1.0
6843,2.0
6844,1.0
6845,8.0
6846,3.0
6847,6.0
6848,1.0
6849,1.0
6850,1.0
6851,5.0
6852,257.0
6853,1.0
6854,6.0
6855,1.0
6856,1.0
6857,2.0
6858,1.0
6859,1.0
6860,122.0
6861,3.0
6862,38.0
6863,3.0
6864,2.0
6865,2.0
6866,7.0
6867,2.0
6868,2.0
6869,10.0
6870,439.0
6871,6.0
6872,9.0
6873,1.0
6874,13.0
6875,1.0
6876,1.0
6877,1.0
6878,2.0
6879,1.0
6880,2.0
6881,1.0
6882,1.0
6883,2.0
6884,11.0
6885,1.0
6886,1.0
6887,6.0
6888,5.0
6889,8.0
6890,3.0
6891,5.0
6892,1.0
6893,8.0
6894,4.0
6895,2.0
6896,1.0
6897,2.0
6898,4.0
6899,1.0
6900,1.0
6901,8.0
6902,1.0
6903,1.0
6904,1.0
6905,2.0
6906,1.0
6907,1.0
6908,322.0
6909,5.0
6910,1.0
6911,1.0
6912,5.0
6913,177.0
6914,1.0
6915,5.0
6916,27.0
6917,27.0
6918,1.0
6919,32.0
6920,1.0
6921,3.0
6922,4249.0
6923,8.0
6924,3.0
6925,2.0
6926,10.0
6927,3.0
6928,20.0
6929,7.0
6930,1.0
6931,1.0
6932,12.0
6933,1.0
6934,1.0
6935,1.0
6936,1.0
6937,1.0
6938,2.0
6939,3.0
6940,3.0
6941,5.0
6942,1.0
6943,2.0
6944,53.0
6945,3.0
6946,13.0
6947,10.0
6948,1.0
6949,2.0
6950,1.0
6951,1.0
6952,367.0
6953,2.0
6954,123.0
6955,1.0
6956,4.0
6957,1.0
6958,1.0
6959,12.0
6960,5.0
6961,13.0
6962,24.0
6963,133052.0
6964,1.0
6965,1.0
6966,1.0
6967,557.0
6968,5.0
6969,1.0
6970,3.0
6971,1.0
6972,1.0
6973,1200.0
6974,4.0
6975,1.0
6976,213.0
6977,25.0
6978,1.0
6979,1.0
6980,1.0
6981,1.0
6982,21.0
6983,1.0
6984,22.0
6985,1.0
6986,1.0
6987,1.0
6988,1.0
6989,6.0
6990,12153.0
6991,1.0
6992,1.0
6993,18.0
6994,5.0
6995,2.0
6996,1.0
6997,1.0
6998,1.0
6999,1.0
7000,18.0
7001,2.0
7002,2.0
7003,5.0
7004,365.0
7005,851.0
7006,1.0
7007,7.0
7008,1.0
7009,8.0
7010,1.0
7011,1.0
7012,49.0
7013,1.0
7014,3.0
7015,6.0
7016,1.0
7017,2.0
7018,1.0
7019,1.0
7020,5.0
7021,2.0
7022,1.0
7023,1.0
7024,1.0
7025,3.0
7026,4.0
7027,5.0
7028,3.0
7029,1.0
7030,2.0
7031,1.0
7032,2.0
7033,1.0
7034,178.0
7035,2.0
7036,5.0
7037,1.0
7038,1.0
7039,2.0
7040,1.0
7041,7.0
7042,103.0
7043,2.0
7044,13.0
7045,1.0
7046,2.0
7047,50157.0
7048,442.0
7049,1.0
7050,3008.0
7051,1.0
7052,1.0
7053,1.0
7054,4.0
7055,1.0
7056,3.0
7057,37895.0
7058,1.0
7059,2.0
7060,1.0
7061,1.0
7062,1.0
7063,3.0
7064,1576.0
7065,2.0
7066,1176.0
7067,4.0
7068,27.0
7069,1.0
7070,4.0
7071,22.0
7072,9.0
7073,11.0
7074,1.0
7075,1.0
7076,1.0
7077,11.0
7078,2.0
7079,11.0
7080,8.0
7081,3.0
7082,10.0
7083,372.0
7084,2.0
7085,1.0
7086,2.0
7087,1.0
7088,13021.0
7089,5.0
7090,1.0
7091,3.0
7092,7.0
7093,1.0
7094,1.0
7095,1.0
7096,3.0
7097,3.0
7098,1.0
7099,1.0
7100,2.0
7101,1.0
7102,4.0
7103,1754.0
7104,1.0
7105,133052.0
7106,9.0
7107,1.0
7108,1.0
7109,2.0
7110,1.0
7111,1.0
7112,1.0
7113,1.0
7114,1.0
7115,2.0
7116,1.0
7117,2.0
7118,4249.0
7119,3.0
7120,1.0
7121,3.0
7122,1.0
7123,4.0
7124,3.0
7125,3.0
7126,1.0
7127,1.0
7128,4.0
7129,5078.0
7130,3.0
7131,1.0
7132,1.0
7133,167.0
7134,7.0
7135,2.0
7136,5.0
7137,1.0
7138,8895.0
7139,10.0
7140,2.0
7141,2722.0
7142,3.0
7143,2.0
7144,4.0
7145,1.0
7146,34.0
7147,17758.0
7148,1.0
7149,1.0
7150,1.0
7151,1.0
7152,2.0
7153,13.0
7154,2.0
7155,132.0
7156,3.0
7157,63.0
7158,1.0
7159,3.0
7160,2.0
7161,1.0
7162,1.0
7163,9.0
7164,3.0
7165,30.0
7166,10.0
7167,124.0
7168,1.0
7169,5.0
7170,3.0
7171,1.0
7172,9.0
7173,1.0
7174,26.0
7175,6.0
7176,6.0
7177,1.0
7178,265.0
7179,1.0
7180,1.0
7181,1.0
7182,1.0
7183,2.0
7184,1.0
7185,1.0
7186,1.0
7187,1.0
7188,1.0
7189,1.0
7190,1.0
7191,1.0
7192,2.0
7193,1.0
7194,2.0
7195,1.0
7196,2.0
7197,1.0
7198,8.0
7199,8.0
7200,5.0
7201,1.0
7202,6.0
7203,2.0
7204,1.0
7205,3.0
7206,1.0
7207,1.0
7208,1.0
7209,1.0
7210,1.0
7211,1.0
7212,1.0
7213,4.0
7214,26.0
7215,1.0
7216,55.0
7217,9.0
7218,1.0
7219,1.0
7220,1.0
7221,1.0
7222,6946.0
7223,1.0
7224,5.0
7225,152.0
7226,4.0
7227,1.0
7228,2.0
7229,35894.0
7230,2.0
7231,7.0
7232,1.0
7233,1.0
7234,4.0
7235,24.0
7236,1.0
7237,2.0
7238,2.0
7239,6.0
7240,1.0
7241,11.0
7242,4.0
7243,71.0
7244,1.0
7245,4.0
7246,16.0
7247,1.0
7248,1.0
7249,3.0
7250,1.0
7251,2.0
7252,97.0
7253,1.0
7254,8.0
7255,1.0
7256,6.0
7257,1.0
7258,3.0
7259,27.0
7260,8165.0
7261,2.0
7262,1.0
7263,2.0
7264,1445.0
7265,1.0
7266,2.0
7267,3.0
7268,2.0
7269,228.0
7270,6.0
7271,2.0
7272,13.0
7273,2.0
7274,1.0
7275,2.0
7276,68.0
7277,5.0
7278,8.0
7279,4.0
7280,1.0
7281,1.0
7282,27.0
7283,1.0
7284,1.0
7285,1.0
7286,1.0
7287,36.0
7288,2.0
7289,1181.0
7290,10.0
7291,1.0
7292,1.0
7293,3218.0
7294,6.0
7295,1.0
7296,3.0
7297,1.0
7298,2.0
7299,1.0
7300,1.0
7301,1.0
7302,2.0
7303,1.0
7304,1.0
7305,5.0
7306,1.0
7307,1.0
7308,1.0
7309,3.0
7310,4.0
7311,2.0
7312,1.0
7313,2.0
7314,1.0
7315,2.0
7316,7.0
7317,69794.0
7318,2.0
7319,1.0
7320,1.0
7321,18.0
7322,3.0
7323,3.0
7324,76.0
7325,13.0
7326,30.0
7327,25.0
7328,1.0
7329,27826.0
7330,6.0
7331,2.0
7332,1.0
7333,4.0
7334,8.0
7335,864.0
7336,1.0
7337,1.0
7338,1.0
7339,1.0
7340,1.0
7341,1.0
7342,4518.0
7343,5.0
7344,6.0
7345,1.0
7346,7.0
7347,1.0
7348,2.0
7349,69.0
7350,20.0
7351,1.0
7352,1687.0
7353,13.0
7354,4.0
7355,2.0
7356,1.0
7357,59.0
7358,1.0
7359,1.0
7360,1.0
7361,4.0
7362,1.0
7363,1.0
7364,1.0
7365,2.0
7366,233522.0
7367,1.0
7368,5.0
7369,3.0
7370,1.0
7371,3.0
7372,3.0
7373,1.0
7374,31229.0
7375,1.0
7376,7.0
7377,1.0
7378,1.0
7379,4.0
7380,1.0
7381,1.0
7382,1.0
7383,1.0
7384,7.0
7385,2020.0
7386,21.0
7387,940.0
7388,1.0
7389,2.0
7390,1.0
7391,1.0
7392,1.0
7393,4.0
7394,1.0
7395,4.0
7396,1.0
7397,1.0
7398,3.0
7399,3.0
7400,2.0
7401,7.0
7402,25.0
7403,1.0
7404,308.0
7405,11415.0
7406,1897.0
7407,1.0
7408,1.0
7409,17.0
7410,1.0
7411,1.0
7412,1.0
7413,1.0
7414,3.0
7415,1.0
7416,1.0
7417,1.0
7418,2.0
7419,1.0
7420,1.0
7421,1.0
7422,22.0
7423,2.0
7424,1.0
7425,1.0
7426,19.0
7427,20947.0
7428,3.0
7429,1.0
7430,4.0
7431,1.0
7432,12.0
7433,1.0
7434,2.0
7435,3.0
7436,1.0
7437,1.0
7438,11.0
7439,1.0
7440,2.0
7441,1.0
7442,5.0
7443,1.0
7444,3.0
7445,1.0
7446,1.0
7447,1.0
7448,1.0
7449,1.0
7450,3.0
7451,5.0
7452,1.0
7453,10.0
7454,1.0
7455,1.0
7456,5.0
7457,86533.0
7458,1.0
7459,2.0
7460,1.0
7461,335.0
7462,11.0
7463,1.0
7464,8.0
7465,12.0
7466,1.0
7467,4.0
7468,6.0
7469,1.0
7470,1.0
7471,6.0
7472,4.0
7473,3.0
7474,1.0
7475,9.0
7476,4.0
7477,1.0
7478,1.0
7479,1.0
7480,11.0
7481,1.0
7482,2.0
7483,3.0
7484,1.0
7485,4.0
7486,1.0
7487,1.0
7488,1.0
7489,9.0
7490,2.0
7491,1.0
7492,9.0
7493,6722.0
7494,1.0
7495,1.0
7496,1.0
7497,1.0
7498,3.0
7499,4.0
7500,3.0
7501,1.0
7502,2.0
7503,1.0
7504,10.0
7505,15.0
7506,5.0
7507,6.0
7508,3.0
7509,1.0
7510,2.0
7511,1.0
7512,4.0
7513,3210.0
7514,2.0
7515,1.0
7516,1.0
7517,9.0
7518,122.0
7519,3.0
7520,3.0
7521,1.0
7522,1015.0
7523,10.0
7524,1.0
7525,1.0
7526,3105.0
7527,1.0
7528,24.0
7529,1.0
7530,1.0
7531,4.0
7532,7.0
7533,1.0
7534,95.0
7535,2.0
7536,2.0
7537,3.0
7538,9.0
7539,1.0
7540,2.0
7541,2.0
7542,1.0
7543,1.0
7544,1095.0
7545,1.0
7546,1.0
7547,1.0
7548,7.0
7549,3.0
7550,16.0
7551,40.0
7552,1.0
7553,11.0
7554,1.0
7555,2.0
7556,196.0
7557,14.0
7558,3.0
7559,16.0
7560,9.0
7561,1.0
7562,1.0
7563,1.0
7564,2.0
7565,1.0
7566,3008.0
7567,20.0
7568,109.0
7569,2.0
7570,1.0
7571,13.0
7572,1.0
7573,1.0
7574,5.0
7575,1.0
7576,1.0
7577,1.0
7578,32.0
7579,1.0
7580,1.0
7581,1.0
7582,364.0
7583,55.0
7584,2.0
7585,1.0
7586,1.0
7587,16.0
7588,1.0
7589,2.0
7590,448.0
7591,1.0
7592,2.0
7593,6.0
7594,6.0
7595,12.0
7596,2.0
7597,1.0
7598,12.0
7599,2.0
7600,10.0
7601,7.0
7602,2.0
7603,1.0
7604,36773.0
7605,6111.0
7606,1.0
7607,2.0
7608,3.0
7609,1.0
7610,2.0
7611,7.0
7612,1.0
7613,1.0
7614,1.0
7615,8.0
7616,2.0
7617,12.0
7618,22.0
7619,2.0
7620,1.0
7621,1734.0
7622,1.0
7623,1.0
7624,6894.0
7625,3.0
7626,6.0
7627,4.0
7628,2.0
7629,6.0
7630,37185.0
7631,6.0
7632,10.0
7633,2.0
7634,2.0
7635,3.0
7636,1.0
7637,1.0
7638,1.0
7639,2.0
7640,1.0
7641,1.0
7642,1.0
7643,1.0
7644,11.0
7645,1.0
7646,1.0
7647,109.0
7648,2.0
7649,1.0
7650,4.0
7651,2.0
7652,9.0
7653,4.0
7654,4.0
7655,3.0
7656,4.0
7657,1.0
7658,1.0
7659,3.0
7660,2.0
7661,1.0
7662,1.0
7663,3.0
7664,59.0
7665,1.0
7666,2.0
7667,1.0
7668,5.0
7669,1.0
7670,9.0
7671,1.0
7672,2.0
7673,36.0
7674,1.0
7675,8.0
7676,1.0
7677,2.0
7678,1.0
7679,27.0
7680,1.0
7681,1.0
7682,1.0
7683,1.0
7684,3.0
7685,1.0
7686,5.0
7687,4.0
7688,1.0
7689,87.0
7690,1.0
7691,7.0
7692,1.0
7693,2.0
7694,2.0
7695,2.0
7696,8.0
7697,1.0
7698,2.0
7699,1.0
7700,8.0
7701,1.0
7702,1.0
7703,5.0
7704,2.0
7705,6111.0
7706,8.0
7707,1.0
7708,2.0
7709,8.0
7710,1.0
7711,4.0
7712,1.0
7713,1.0
7714,2.0
7715,2.0
7716,1.0
7717,341.0
7718,1.0
7719,1.0
7720,1.0
7721,1.0
7722,7.0
7723,1.0
7724,1.0
7725,2.0
7726,1.0
7727,12.0
7728,4.0
7729,32187.0
7730,5.0
7731,2.0
7732,1.0
7733,8.0
7734,1.0
7735,1.0
7736,1.0
7737,22.0
7738,54.0
7739,1.0
7740,19.0
7741,3.0
7742,3666.0
7743,2.0
7744,2.0
7745,2.0
7746,1.0
7747,2.0
7748,1.0
7749,1445.0
7750,1.0
7751,2.0
7752,3.0
7753,1.0
7754,2.0
7755,1.0
7756,5.0
7757,1.0
7758,3.0
7759,1.0
7760,1.0
7761,2.0
7762,1.0
7763,9.0
7764,4.0
7765,9.0
7766,1.0
7767,12.0
7768,2.0
7769,1.0
7770,1.0
7771,1.0
7772,7.0
7773,1.0
7774,1.0
7775,167.0
7776,4.0
7777,1.0
7778,7.0
7779,4.0
7780,2.0
7781,1.0
7782,1.0
7783,1.0
7784,1.0
7785,2.0
7786,722.0
7787,1.0
7788,1.0
7789,9.0
7790,2.0
7791,9.0
7792,6.0
7793,1.0
7794,1.0
7795,11.0
7796,4.0
7797,1.0
7798,1.0
7799,3.0
7800,1.0
7801,44.0
7802,3.0
7803,1.0
7804,3.0
7805,3.0
7806,1.0
7807,11.0
7808,2.0
7809,6.0
7810,2.0
7811,2.0
7812,2.0
7813,354.0
7814,7.0
7815,1.0
7816,41.0
7817,3.0
7818,5.0
7819,4.0
7820,1.0
7821,7.0
7822,2.0
7823,2.0
7824,1.0
7825,5.0
7826,2.0
7827,1.0
7828,1.0
7829,11.0
7830,1.0
7831,2.0
7832,2.0
7833,4.0
7834,86533.0
7835,1.0
7836,1.0
7837,1.0
7838,37185.0
7839,4.0
7840,2.0
7841,1.0
7842,1.0
7843,4.0
7844,2.0
7845,5.0
7846,1.0
7847,1.0
7848,1.0
7849,3.0
7850,1.0
7851,1.0
7852,1.0
7853,2.0
7854,1.0
7855,217.0
7856,8.0
7857,3.0
7858,2.0
7859,9.0
7860,1.0
7861,18.0
7862,95.0
7863,2.0
7864,1.0
7865,2.0
7866,1.0
7867,2.0
7868,2.0
7869,1.0
7870,4.0
7871,2.0
7872,4.0
7873,5.0
7874,1.0
7875,9.0
7876,1.0
7877,8.0
7878,1.0
7879,1.0
7880,1.0
7881,1.0
7882,1.0
7883,1.0
7884,3.0
7885,1.0
7886,2.0
7887,3.0
7888,1.0
7889,2.0
7890,1.0
7891,4.0
7892,1.0
7893,2.0
7894,2.0
7895,10.0
7896,19.0
7897,2.0
7898,1.0
7899,1.0
7900,1.0
7901,16.0
7902,1.0
7903,1.0
7904,56432.0
7905,2416.0
7906,2.0
7907,134.0
7908,20.0
7909,1.0
7910,2.0
7911,2.0
7912,1.0
7913,1.0
7914,1.0
7915,10.0
7916,5.0
7917,1.0
7918,2.0
7919,1.0
7920,6.0
7921,2.0
7922,6.0
7923,2.0
7924,1.0
7925,1.0
7926,1.0
7927,2.0
7928,12249.0
7929,3.0
7930,2.0
7931,7.0
7932,4.0
7933,4.0
7934,1.0
7935,1.0
7936,2.0
7937,3.0
7938,1.0
7939,2980.0
7940,1.0
7941,1.0
7942,1.0
7943,19.0
7944,7.0
7945,5.0
7946,1.0
7947,1.0
7948,2.0
7949,1.0
7950,2.0
7951,1.0
7952,1.0
7953,2.0
7954,6722.0
7955,3.0
7956,4.0
7957,1.0
7958,1.0
7959,1.0
7960,2.0
7961,1.0
7962,8207.0
7963,1.0
7964,1.0
7965,4.0
7966,2.0
7967,1.0
7968,1.0
7969,11.0
7970,7.0
7971,1.0
7972,7.0
7973,1.0
7974,1.0
7975,2.0
7976,3.0
7977,1.0
7978,1.0
7979,43.0
7980,1.0
7981,2.0
7982,1.0
7983,17.0
7984,1.0
7985,1.0
7986,1.0
7987,5.0
7988,2287.0
7989,8.0
7990,48626.0
7991,320.0
7992,132.0
7993,2.0
7994,2.0
7995,1.0
7996,1.0
7997,1.0
7998,1.0
7999,1.0
8000,1.0
8001,1.0
8002,1.0
8003,68.0
8004,1.0
8005,1.0
8006,14.0
8007,3.0
8008,1.0
8009,22.0
8010,1.0
8011,3.0
8012,5.0
8013,1.0
8014,1.0
8015,1.0
8016,1.0
8017,48.0
8018,1.0
8019,3.0
8020,39.0
8021,3.0
8022,1.0
8023,5.0
8024,1.0
8025,3.0
8026,1.0
8027,1.0
8028,1.0
8029,1.0
8030,1.0
8031,1.0
8032,2.0
8033,1.0
8034,1.0
8035,1.0
8036,1.0
8037,20.0
8038,249.0
8039,58.0
8040,22646.0
8041,1.0
8042,1.0
8043,1.0
8044,17.0
8045,1.0
8046,1.0
8047,4.0
8048,1.0
8049,1.0
8050,10.0
8051,2.0
8052,32187.0
8053,1.0
8054,2.0
8055,4.0
8056,1.0
8057,2.0
8058,160.0
8059,24.0
8060,1.0
8061,1.0
8062,9.0
8063,1.0
8064,13350.0
8065,1.0
8066,1.0
8067,4.0
8068,1.0
8069,5.0
8070,1.0
8071,1.0
8072,1.0
8073,2.0
8074,359.0
8075,276.0
8076,1.0
8077,1.0
8078,2.0
8079,1.0
8080,14.0
8081,1.0
8082,8.0
8083,9.0
8084,14.0
8085,1.0
8086,3.0
8087,1155.0
8088,1.0
8089,2.0
8090,1.0
8091,15.0
8092,2722.0
8093,1.0
8094,1.0
8095,1.0
8096,2.0
8097,1.0
8098,1.0
8099,1.0
8100,50157.0
8101,1.0
8102,25.0
8103,1.0
8104,17.0
8105,1.0
8106,2.0
8107,1.0
8108,2.0
8109,2.0
8110,1.0
8111,4.0
8112,1.0
8113,3.0
8114,2425.0
8115,1.0
8116,1.0
8117,1.0
8118,1.0
8119,1.0
8120,50157.0
8121,1.0
8122,30.0
8123,9334.0
8124,1.0
8125,7221.0
8126,22.0
8127,6.0
8128,1.0
8129,1.0
8130,10.0
8131,1.0
8132,1.0
8133,1.0
8134,1.0
8135,1.0
8136,6.0
8137,5.0
8138,1.0
8139,21127.0
8140,1.0
8141,5687.0
8142,1.0
8143,1.0
8144,1.0
8145,1.0
8146,15.0
8147,15.0
8148,1.0
8149,2.0
8150,7.0
8151,2.0
8152,1.0
8153,1.0
8154,280.0
8155,1.0
8156,1.0
8157,2.0
8158,2.0
8159,1.0
8160,2.0
8161,2.0
8162,3.0
8163,4.0
8164,15.0
8165,8.0
8166,3.0
8167,14.0
8168,16.0
8169,4.0
8170,91.0
8171,2.0
8172,1176.0
8173,2.0
8174,1.0
8175,9.0
8176,2.0
8177,1.0
8178,4.0
8179,1.0
8180,9.0
8181,92.0
8182,1.0
8183,1.0
8184,103.0
8185,1.0
8186,2.0
8187,4.0
8188,1531.0
8189,1.0
8190,1.0
8191,1.0
8192,439.0
8193,1.0
8194,1.0
8195,2.0
8196,1.0
8197,1.0
8198,1.0
8199,1.0
8200,1.0
8201,14.0
8202,2.0
8203,2.0
8204,2.0
8205,4.0
8206,296.0
8207,2.0
8208,7.0
8209,1.0
8210,1.0
8211,1.0
8212,19.0
8213,12.0
8214,1.0
8215,1.0
8216,60733.0
8217,1.0
8218,1.0
8219,1.0
8220,2.0
8221,1349.0
8222,1.0
8223,196.0
8224,1863.0
8225,1349.0
8226,1.0
8227,2965.0
8228,39.0
8229,7.0
8230,10.0
8231,6.0
8232,2.0
8233,1.0
8234,2.0
8235,1.0
8236,4245.0
8237,6.0
8238,1.0
8239,1.0
8240,5.0
8241,3.0
8242,20.0
8243,26.0
8244,1.0
8245,2.0
8246,2.0
8247,4.0
8248,5.0
8249,1.0
8250,1.0
8251,1.0
8252,2.0
8253,2.0
8254,1.0
8255,2.0
8256,5.0
8257,1.0
8258,4.0
8259,6.0
8260,1.0
8261,2.0
8262,385.0
8263,6.0
8264,1.0
8265,3129.0
8266,7.0
8267,5.0
8268,2.0
8269,7.0
8270,3.0
8271,1.0
8272,2.0
8273,1.0
8274,1.0
8275,1.0
8276,1.0
8277,47.0
8278,2.0
8279,2.0
8280,4.0
8281,1.0
8282,3.0
8283,1.0
8284,1.0
8285,12.0
8286,1.0
8287,1.0
8288,16.0
8289,8.0
8290,152.0
8291,2.0
8292,3.0
8293,1.0
8294,1.0
8295,3.0
8296,3.0
8297,1.0
8298,1.0
8299,4.0
8300,2.0
8301,1.0
8302,1.0
8303,2.0
8304,36.0
8305,9.0
8306,1.0
8307,2.0
8308,1.0
8309,160.0
8310,1.0
8311,111.0
8312,2.0
8313,4245.0
8314,11.0
8315,3.0
8316,3.0
8317,3.0
8318,1.0
8319,3.0
8320,1.0
8321,1.0
8322,3.0
8323,876.0
8324,3.0
8325,2.0
8326,1.0
8327,2.0
8328,1.0
8329,3.0
8330,11.0
8331,3.0
8332,2.0
8333,1.0
8334,2.0
8335,2.0
8336,9.0
8337,1.0
8338,5.0
8339,1.0
8340,1.0
8341,1.0
8342,1.0
8343,1176.0
8344,1.0
8345,2.0
8346,1.0
8347,33.0
8348,14.0
8349,1.0
8350,1.0
8351,1.0
8352,10.0
8353,3.0
8354,1.0
8355,3.0
8356,1.0
8357,18.0
8358,8.0
8359,2.0
8360,1.0
8361,1.0
8362,1.0
8363,11.0
8364,41.0
8365,1.0
8366,3.0
8367,2.0
8368,1.0
8369,1.0
8370,3.0
8371,1.0
8372,7.0
8373,1.0
8374,1.0
8375,1.0
8376,3.0
8377,2.0
8378,308.0
8379,7.0
8380,1.0
8381,1.0
8382,1.0
8383,3.0
8384,1.0
8385,1.0
8386,3.0
8387,2.0
8388,1.0
8389,1.0
8390,1.0
8391,1.0
8392,1.0
8393,4.0
8394,11.0
8395,8.0
8396,1.0
8397,1.0
8398,1.0
8399,30.0
8400,2.0
8401,1.0
8402,1.0
8403,47.0
8404,1.0
8405,1.0
8406,15.0
8407,39.0
8408,1.0
8409,1.0
8410,40.0
8411,48.0
8412,1.0
8413,2.0
8414,2.0
8415,21375.0
8416,1.0
8417,21127.0
8418,1.0
8419,2.0
8420,217.0
8421,4.0
8422,1.0
8423,1.0
8424,1.0
8425,1.0
8426,1.0
8427,1.0
8428,1833.0
8429,1.0
8430,1.0
8431,6.0
8432,18.0
8433,1.0
8434,1.0
8435,10.0
8436,1.0
8437,1.0
8438,1.0
8439,1.0
8440,1.0
8441,1.0
8442,9.0
8443,48.0
8444,2.0
8445,2.0
8446,15.0
8447,1.0
8448,1.0
8449,1.0
8450,770.0
8451,7.0
8452,11.0
8453,17.0
8454,1.0
8455,1.0
8456,1.0
8457,1.0
8458,55.0
8459,1.0
8460,6.0
8461,4.0
8462,1.0
8463,1.0
8464,2.0
8465,152.0
8466,2.0
8467,2.0
8468,1.0
8469,1.0
8470,1.0
8471,2.0
8472,1.0
8473,1.0
8474,6722.0
8475,1.0
8476,1.0
8477,1.0
8478,1.0
8479,1.0
8480,1.0
8481,22.0
8482,10387.0
8483,1.0
8484,132.0
8485,6.0
8486,1.0
8487,1.0
8488,4.0
8489,6.0
8490,3.0
8491,1.0
8492,8.0
8493,1.0
8494,1.0
8495,1.0
8496,1.0
8497,1.0
8498,12.0
8499,3.0
8500,1.0
8501,2.0
8502,21.0
8503,1.0
8504,30.0
8505,26.0
8506,1.0
8507,1.0
8508,3.0
8509,2.0
8510,2.0
8511,1.0
8512,6.0
8513,1.0
8514,1.0
8515,2.0
8516,3.0
8517,3.0
8518,2555.0
8519,1.0
8520,1.0
8521,1.0
8522,52.0
8523,7.0
8524,1.0
8525,1.0
8526,8.0
8527,2.0
8528,192.0
8529,2.0
8530,8.0
8531,2.0
8532,1.0
8533,3.0
8534,3.0
8535,2.0
8536,1.0
8537,27.0
8538,3.0
8539,1.0
8540,3.0
8541,51.0
8542,2.0
8543,1.0
8544,1.0
8545,2.0
8546,13.0
8547,2.0
8548,8.0
